1	7157610	1	7157610	7157610	7157610	100.00	7157610	7157610	100.00	100.00	Clostridioforme	Clostridioforme	[IDENTITY]
1	127	3720956	3720830	127	127	100.00	7157610	7157610	0.00	0.00	Clostridioforme	Clostridioforme	
1	133	2777203	2777071	133	133	97.74	7157610	7157610	0.00	0.00	Clostridioforme	Clostridioforme	
14470	16124	229405	227757	1655	1649	99.40	7157610	7157610	0.02	0.02	Clostridioforme	Clostridioforme	
14474	16273	4863397	4861598	1800	1800	99.22	7157610	7157610	0.03	0.03	Clostridioforme	Clostridioforme	
14474	15628	1559993	1558839	1155	1155	99.22	7157610	7157610	0.02	0.02	Clostridioforme	Clostridioforme	
15993	16270	3380589	3380313	278	277	98.56	7157610	7157610	0.00	0.00	Clostridioforme	Clostridioforme	
16689	16806	7157601	7157484	118	118	98.31	7157610	7157610	0.00	0.00	Clostridioforme	Clostridioforme	
16689	16806	3887239	3887122	118	118	98.31	7157610	7157610	0.00	0.00	Clostridioforme	Clostridioforme	
16689	16806	7152056	7151939	118	118	98.31	7157610	7157610	0.00	0.00	Clostridioforme	Clostridioforme	
16689	16807	5852529	5852411	119	119	98.32	7157610	7157610	0.00	0.00	Clostridioforme	Clostridioforme	
16689	16806	5204236	5204119	118	118	98.31	7157610	7157610	0.00	0.00	Clostridioforme	Clostridioforme	
17426	19002	2861257	2859681	1577	1577	100.00	7157610	7157610	0.02	0.02	Clostridioforme	Clostridioforme	
17418	19002	3895285	3893702	1585	1584	99.81	7157610	7157610	0.02	0.02	Clostridioforme	Clostridioforme	
17426	18334	2044138	2043230	909	909	98.57	7157610	7157610	0.01	0.01	Clostridioforme	Clostridioforme	
82837	85541	3930759	3928055	2705	2705	99.74	7157610	7157610	0.04	0.04	Clostridioforme	Clostridioforme	
118953	121536	6041470	6038887	2584	2584	99.65	7157610	7157610	0.04	0.04	Clostridioforme	Clostridioforme	
166563	168322	7151285	7149526	1760	1760	99.72	7157610	7157610	0.02	0.02	Clostridioforme	Clostridioforme	
166563	168323	1395554	1393794	1761	1761	99.77	7157610	7157610	0.02	0.02	Clostridioforme	Clostridioforme	
166565	168323	186198	184440	1759	1759	99.77	7157610	7157610	0.02	0.02	Clostridioforme	Clostridioforme	
168325	170131	1602691	1600889	1807	1803	99.39	7157610	7157610	0.03	0.03	Clostridioforme	Clostridioforme	
171848	175982	5457302	5453168	4135	4135	99.98	7157610	7157610	0.06	0.06	Clostridioforme	Clostridioforme	
171848	175974	5667126	5663000	4127	4127	99.98	7157610	7157610	0.06	0.06	Clostridioforme	Clostridioforme	
184438	186198	6906145	6904385	1761	1761	99.72	7157610	7157610	0.02	0.02	Clostridioforme	Clostridioforme	
184440	186198	168323	166565	1759	1759	99.77	7157610	7157610	0.02	0.02	Clostridioforme	Clostridioforme	
188697	189833	270739	269602	1137	1138	99.74	7157610	7157610	0.02	0.02	Clostridioforme	Clostridioforme	
189834	190936	269459	268357	1103	1103	99.64	7157610	7157610	0.02	0.02	Clostridioforme	Clostridioforme	
214754	215864	3356715	3355557	1111	1159	94.65	7157610	7157610	0.02	0.02	Clostridioforme	Clostridioforme	
215441	215634	2778264	2778071	194	194	98.97	7157610	7157610	0.00	0.00	Clostridioforme	Clostridioforme	
215486	215864	3722565	3722187	379	379	98.68	7157610	7157610	0.01	0.01	Clostridioforme	Clostridioforme	
227757	229402	2208395	2206744	1646	1652	94.73	7157610	7157610	0.02	0.02	Clostridioforme	Clostridioforme	
227757	229405	16124	14470	1649	1655	99.40	7157610	7157610	0.02	0.02	Clostridioforme	Clostridioforme	
242993	245250	2377209	2374955	2258	2255	93.53	7157610	7157610	0.03	0.03	Clostridioforme	Clostridioforme	
246313	246436	3732835	3732712	124	124	85.04	7157610	7157610	0.00	0.00	Clostridioforme	Clostridioforme	
258002	260822	3386915	3384095	2821	2821	100.00	7157610	7157610	0.04	0.04	Clostridioforme	Clostridioforme	
262926	265424	2376861	2374359	2499	2503	98.96	7157610	7157610	0.03	0.03	Clostridioforme	Clostridioforme	
265419	265815	1389353	1388957	397	397	100.00	7157610	7157610	0.01	0.01	Clostridioforme	Clostridioforme	
265420	267966	4768794	4766248	2547	2547	99.84	7157610	7157610	0.04	0.04	Clostridioforme	Clostridioforme	
267963	268119	5767468	5767312	157	157	98.73	7157610	7157610	0.00	0.00	Clostridioforme	Clostridioforme	
267963	268090	4923465	4923338	128	128	99.22	7157610	7157610	0.00	0.00	Clostridioforme	Clostridioforme	
267963	268112	5245259	5245110	150	150	98.00	7157610	7157610	0.00	0.00	Clostridioforme	Clostridioforme	
268357	269459	190936	189834	1103	1103	99.64	7157610	7157610	0.02	0.02	Clostridioforme	Clostridioforme	
268750	270319	6374011	6372442	1570	1570	99.75	7157610	7157610	0.02	0.02	Clostridioforme	Clostridioforme	
269602	270739	189833	188697	1138	1137	99.74	7157610	7157610	0.02	0.02	Clostridioforme	Clostridioforme	
270320	270562	6372268	6372026	243	243	99.18	7157610	7157610	0.00	0.00	Clostridioforme	Clostridioforme	
270553	270735	6370288	6370107	183	182	98.91	7157610	7157610	0.00	0.00	Clostridioforme	Clostridioforme	
290990	292751	1395553	1393792	1762	1762	99.77	7157610	7157610	0.02	0.02	Clostridioforme	Clostridioforme	
308154	308263	1388953	1388844	110	110	100.00	7157610	7157610	0.00	0.00	Clostridioforme	Clostridioforme	
308258	309051	1386261	1385468	794	794	99.50	7157610	7157610	0.01	0.01	Clostridioforme	Clostridioforme	
309050	311634	1656022	1653438	2585	2585	100.00	7157610	7157610	0.04	0.04	Clostridioforme	Clostridioforme	
311635	312360	1385472	1384747	726	726	99.86	7157610	7157610	0.01	0.01	Clostridioforme	Clostridioforme	
312666	313667	1384746	1383745	1002	1002	99.90	7157610	7157610	0.01	0.01	Clostridioforme	Clostridioforme	
313336	314089	1391538	1390787	754	752	99.20	7157610	7157610	0.01	0.01	Clostridioforme	Clostridioforme	
314090	314626	1390675	1390139	537	537	99.26	7157610	7157610	0.01	0.01	Clostridioforme	Clostridioforme	
353398	353467	353467	353398	70	70	97.14	7157610	7157610	0.00	0.00	Clostridioforme	Clostridioforme	
407926	409702	7151289	7149514	1777	1776	99.77	7157610	7157610	0.02	0.02	Clostridioforme	Clostridioforme	
407932	409694	1108707	1106945	1763	1763	99.83	7157610	7157610	0.02	0.02	Clostridioforme	Clostridioforme	
407931	409693	3975621	3973860	1763	1762	99.77	7157610	7157610	0.02	0.02	Clostridioforme	Clostridioforme	
409703	411461	3430437	3428680	1759	1758	99.83	7157610	7157610	0.02	0.02	Clostridioforme	Clostridioforme	
483683	483803	6370228	6370107	121	122	99.18	7157610	7157610	0.00	0.00	Clostridioforme	Clostridioforme	
483683	483810	188822	188694	128	129	99.22	7157610	7157610	0.00	0.00	Clostridioforme	Clostridioforme	
489260	491105	4400567	4398722	1846	1846	99.95	7157610	7157610	0.03	0.03	Clostridioforme	Clostridioforme	
489260	491105	2115553	2113708	1846	1846	99.89	7157610	7157610	0.03	0.03	Clostridioforme	Clostridioforme	
503156	504915	1395553	1393794	1760	1760	99.83	7157610	7157610	0.02	0.02	Clostridioforme	Clostridioforme	
506034	507753	6597470	6595751	1720	1720	99.59	7157610	7157610	0.02	0.02	Clostridioforme	Clostridioforme	
506039	507747	4490322	4488614	1709	1709	99.82	7157610	7157610	0.02	0.02	Clostridioforme	Clostridioforme	
507748	508755	1252050	1251112	1008	939	91.77	7157610	7157610	0.01	0.01	Clostridioforme	Clostridioforme	
509730	511003	5291266	5289993	1274	1274	99.92	7157610	7157610	0.02	0.02	Clostridioforme	Clostridioforme	
509724	511004	6130845	6129565	1281	1281	99.84	7157610	7157610	0.02	0.02	Clostridioforme	Clostridioforme	
509729	511003	4744596	4743322	1275	1275	99.92	7157610	7157610	0.02	0.02	Clostridioforme	Clostridioforme	
519297	519450	1251115	1250963	154	153	98.05	7157610	7157610	0.00	0.00	Clostridioforme	Clostridioforme	
555035	555110	6401358	6401283	76	76	100.00	7157610	7157610	0.00	0.00	Clostridioforme	Clostridioforme	
746043	746214	7140892	7140721	172	172	98.84	7157610	7157610	0.00	0.00	Clostridioforme	Clostridioforme	
770133	772014	2946903	2945022	1882	1882	99.95	7157610	7157610	0.03	0.03	Clostridioforme	Clostridioforme	
770129	772044	2304292	2302377	1916	1916	99.53	7157610	7157610	0.03	0.03	Clostridioforme	Clostridioforme	
770133	772014	3652152	3650271	1882	1882	100.00	7157610	7157610	0.03	0.03	Clostridioforme	Clostridioforme	
884066	885854	3692542	3690830	1789	1713	94.97	7157610	7157610	0.02	0.02	Clostridioforme	Clostridioforme	
884066	885743	4541574	4539898	1678	1677	99.34	7157610	7157610	0.02	0.02	Clostridioforme	Clostridioforme	
884066	885723	1440812	1439155	1658	1658	99.40	7157610	7157610	0.02	0.02	Clostridioforme	Clostridioforme	
886559	886761	3374753	3374551	203	203	97.04	7157610	7157610	0.00	0.00	Clostridioforme	Clostridioforme	
948971	949475	4843051	4842547	505	505	99.80	7157610	7157610	0.01	0.01	Clostridioforme	Clostridioforme	
948977	950568	1022709	1021118	1592	1592	99.75	7157610	7157610	0.02	0.02	Clostridioforme	Clostridioforme	
1021118	1022709	950568	948977	1592	1592	99.75	7157610	7157610	0.02	0.02	Clostridioforme	Clostridioforme	
1021224	1022709	4842548	4841063	1486	1486	99.60	7157610	7157610	0.02	0.02	Clostridioforme	Clostridioforme	
1106949	1108707	504914	503156	1759	1759	99.89	7157610	7157610	0.02	0.02	Clostridioforme	Clostridioforme	
1106949	1108707	411460	409702	1759	1759	99.94	7157610	7157610	0.02	0.02	Clostridioforme	Clostridioforme	
1240743	1240848	4903702	4903597	106	106	94.34	7157610	7157610	0.00	0.00	Clostridioforme	Clostridioforme	
1245787	1246620	2031339	2030506	834	834	98.80	7157610	7157610	0.01	0.01	Clostridioforme	Clostridioforme	
1246830	1247251	3969297	3968876	422	422	98.58	7157610	7157610	0.01	0.01	Clostridioforme	Clostridioforme	
1247248	1247894	4754793	4754146	647	648	94.29	7157610	7157610	0.01	0.01	Clostridioforme	Clostridioforme	
1247252	1247894	5416953	5416310	643	644	99.07	7157610	7157610	0.01	0.01	Clostridioforme	Clostridioforme	
1247895	1248146	4810106	4809855	252	252	99.21	7157610	7157610	0.00	0.00	Clostridioforme	Clostridioforme	
1247923	1248021	6592592	6592494	99	99	97.98	7157610	7157610	0.00	0.00	Clostridioforme	Clostridioforme	
1248147	1248362	4808432	4808217	216	216	97.69	7157610	7157610	0.00	0.00	Clostridioforme	Clostridioforme	
1248147	1248360	6591041	6590828	214	214	98.13	7157610	7157610	0.00	0.00	Clostridioforme	Clostridioforme	
1248361	1248812	6756952	6756501	452	452	99.56	7157610	7157610	0.01	0.01	Clostridioforme	Clostridioforme	
1250279	1250496	4003600	4003383	218	218	99.08	7157610	7157610	0.00	0.00	Clostridioforme	Clostridioforme	
1250279	1250496	2783087	2782870	218	218	98.62	7157610	7157610	0.00	0.00	Clostridioforme	Clostridioforme	
1250491	1250685	4003154	4002960	195	195	97.44	7157610	7157610	0.00	0.00	Clostridioforme	Clostridioforme	
1250491	1250685	2782648	2782454	195	195	97.95	7157610	7157610	0.00	0.00	Clostridioforme	Clostridioforme	
1250686	1252156	4002824	4001348	1471	1477	98.31	7157610	7157610	0.02	0.02	Clostridioforme	Clostridioforme	
1250963	1251115	519450	519297	153	154	98.05	7157610	7157610	0.00	0.00	Clostridioforme	Clostridioforme	
1251112	1252050	508755	507748	939	1008	91.77	7157610	7157610	0.01	0.01	Clostridioforme	Clostridioforme	
1252147	1252621	4001145	4000672	475	474	98.53	7157610	7157610	0.01	0.01	Clostridioforme	Clostridioforme	
1252707	1253060	4000680	4000327	354	354	98.87	7157610	7157610	0.00	0.00	Clostridioforme	Clostridioforme	
1264013	1264239	2781528	2781302	227	227	99.12	7157610	7157610	0.00	0.00	Clostridioforme	Clostridioforme	
1264234	1264609	2778719	2778345	376	375	99.47	7157610	7157610	0.01	0.01	Clostridioforme	Clostridioforme	
1264484	1264609	3725589	3725464	126	126	100.00	7157610	7157610	0.00	0.00	Clostridioforme	Clostridioforme	
1264609	1266219	3355810	3354200	1611	1611	98.94	7157610	7157610	0.02	0.02	Clostridioforme	Clostridioforme	
1264609	1266219	3722440	3720830	1611	1611	99.01	7157610	7157610	0.02	0.02	Clostridioforme	Clostridioforme	
1265474	1266220	2777822	2777076	747	747	98.26	7157610	7157610	0.01	0.01	Clostridioforme	Clostridioforme	
1284053	1284544	6601629	6601136	492	494	97.57	7157610	7157610	0.01	0.01	Clostridioforme	Clostridioforme	
1284853	1285168	6600747	6600432	316	316	99.37	7157610	7157610	0.00	0.00	Clostridioforme	Clostridioforme	
1286528	1286710	6133919	6133737	183	183	98.36	7157610	7157610	0.00	0.00	Clostridioforme	Clostridioforme	
1383745	1384746	313667	312666	1002	1002	99.90	7157610	7157610	0.01	0.01	Clostridioforme	Clostridioforme	
1384747	1385472	312360	311635	726	726	99.86	7157610	7157610	0.01	0.01	Clostridioforme	Clostridioforme	
1385468	1386261	309051	308258	794	794	99.50	7157610	7157610	0.01	0.01	Clostridioforme	Clostridioforme	
1386260	1388845	4561787	4559202	2586	2586	100.00	7157610	7157610	0.04	0.04	Clostridioforme	Clostridioforme	
1386260	1388843	3725147	3722564	2584	2584	100.00	7157610	7157610	0.04	0.04	Clostridioforme	Clostridioforme	
1386260	1388843	5189138	5186555	2584	2584	100.00	7157610	7157610	0.04	0.04	Clostridioforme	Clostridioforme	
1388844	1388953	308263	308154	110	110	100.00	7157610	7157610	0.00	0.00	Clostridioforme	Clostridioforme	
1388957	1389353	265815	265419	397	397	100.00	7157610	7157610	0.01	0.01	Clostridioforme	Clostridioforme	
1388957	1389352	2372093	2371698	396	396	99.75	7157610	7157610	0.01	0.01	Clostridioforme	Clostridioforme	
1390139	1391537	2776524	2775171	1399	1354	96.43	7157610	7157610	0.02	0.02	Clostridioforme	Clostridioforme	
1390139	1390675	314626	314090	537	537	99.26	7157610	7157610	0.01	0.01	Clostridioforme	Clostridioforme	
1390140	1391537	4816154	4814757	1398	1398	99.36	7157610	7157610	0.02	0.02	Clostridioforme	Clostridioforme	
1390280	1391539	1393662	1392463	1260	1200	94.68	7157610	7157610	0.02	0.02	Clostridioforme	Clostridioforme	
1390787	1391538	314089	313336	752	754	99.20	7157610	7157610	0.01	0.01	Clostridioforme	Clostridioforme	
1392463	1392758	1391539	1391244	296	296	99.66	7157610	7157610	0.00	0.00	Clostridioforme	Clostridioforme	
1392464	1392758	5173250	5172956	295	295	99.32	7157610	7157610	0.00	0.00	Clostridioforme	Clostridioforme	
1393792	1395553	292751	290990	1762	1762	99.77	7157610	7157610	0.02	0.02	Clostridioforme	Clostridioforme	
1393793	1395553	6906144	6904384	1761	1761	99.83	7157610	7157610	0.02	0.02	Clostridioforme	Clostridioforme	
1393771	1395552	1020384	1018604	1782	1781	99.38	7157610	7157610	0.02	0.02	Clostridioforme	Clostridioforme	
1393794	1395553	504915	503156	1760	1760	99.83	7157610	7157610	0.02	0.02	Clostridioforme	Clostridioforme	
1439155	1440172	3471194	3470177	1018	1018	99.61	7157610	7157610	0.01	0.01	Clostridioforme	Clostridioforme	
1439155	1440812	885723	884066	1658	1658	99.40	7157610	7157610	0.02	0.02	Clostridioforme	Clostridioforme	
1488182	1488297	1488297	1488182	116	116	80.00	7157610	7157610	0.00	0.00	Clostridioforme	Clostridioforme	
1558839	1559993	15628	14474	1155	1155	99.22	7157610	7157610	0.02	0.02	Clostridioforme	Clostridioforme	
1559553	1559993	6448919	6448479	441	441	98.19	7157610	7157610	0.01	0.01	Clostridioforme	Clostridioforme	
1589232	1590506	6130841	6129567	1275	1275	100.00	7157610	7157610	0.02	0.02	Clostridioforme	Clostridioforme	
1600889	1602691	170131	168325	1803	1807	99.39	7157610	7157610	0.03	0.03	Clostridioforme	Clostridioforme	
1609798	1611071	5749584	5748311	1274	1274	100.00	7157610	7157610	0.02	0.02	Clostridioforme	Clostridioforme	
1609799	1611072	4500196	4498923	1274	1274	100.00	7157610	7157610	0.02	0.02	Clostridioforme	Clostridioforme	
1628185	1629258	4754829	4753674	1074	1156	86.33	7157610	7157610	0.02	0.02	Clostridioforme	Clostridioforme	
1628225	1629480	5416953	5415618	1256	1336	92.68	7157610	7157610	0.02	0.02	Clostridioforme	Clostridioforme	
1653436	1656020	3957274	3954690	2585	2585	100.00	7157610	7157610	0.04	0.04	Clostridioforme	Clostridioforme	
1653438	1656022	311634	309050	2585	2585	100.00	7157610	7157610	0.04	0.04	Clostridioforme	Clostridioforme	
1653438	1656021	2781302	2778719	2584	2584	100.00	7157610	7157610	0.04	0.04	Clostridioforme	Clostridioforme	
1764222	1764310	6731925	6731837	89	89	97.75	7157610	7157610	0.00	0.00	Clostridioforme	Clostridioforme	
1862798	1863871	4813753	4812680	1074	1074	82.47	7157610	7157610	0.02	0.02	Clostridioforme	Clostridioforme	
1921684	1921818	6117057	6116923	135	135	100.00	7157610	7157610	0.00	0.00	Clostridioforme	Clostridioforme	
1921690	1921818	6249496	6249368	129	129	100.00	7157610	7157610	0.00	0.00	Clostridioforme	Clostridioforme	
1921829	1921967	2149457	2149319	139	139	98.56	7157610	7157610	0.00	0.00	Clostridioforme	Clostridioforme	
1921829	1921971	5232537	5232395	143	143	98.60	7157610	7157610	0.00	0.00	Clostridioforme	Clostridioforme	
1922618	1925227	2148688	2146079	2610	2610	99.81	7157610	7157610	0.04	0.04	Clostridioforme	Clostridioforme	
1922625	1925227	5231758	5229156	2603	2603	99.81	7157610	7157610	0.04	0.04	Clostridioforme	Clostridioforme	
1928343	1931168	2142312	2139487	2826	2826	99.79	7157610	7157610	0.04	0.04	Clostridioforme	Clostridioforme	
1935494	1947773	2136668	2124389	12280	12280	99.98	7157610	7157610	0.17	0.17	Clostridioforme	Clostridioforme	
1938617	1947765	4525590	4516442	9149	9149	100.00	7157610	7157610	0.13	0.13	Clostridioforme	Clostridioforme	
1948130	1948523	3888496	3888103	394	394	100.00	7157610	7157610	0.01	0.01	Clostridioforme	Clostridioforme	
1948126	1948523	5853790	5853393	398	398	97.99	7157610	7157610	0.01	0.01	Clostridioforme	Clostridioforme	
1948130	1948523	3477466	3477073	394	394	99.75	7157610	7157610	0.01	0.01	Clostridioforme	Clostridioforme	
1948130	1948523	3959804	3959411	394	394	98.48	7157610	7157610	0.01	0.01	Clostridioforme	Clostridioforme	
2030506	2031339	1246620	1245787	834	834	98.80	7157610	7157610	0.01	0.01	Clostridioforme	Clostridioforme	
2042476	2042598	6461262	6461140	123	123	90.24	7157610	7157610	0.00	0.00	Clostridioforme	Clostridioforme	
2042598	2042731	6460455	6460322	134	134	95.52	7157610	7157610	0.00	0.00	Clostridioforme	Clostridioforme	
2042737	2043055	6460122	6459874	319	249	74.06	7157610	7157610	0.00	0.00	Clostridioforme	Clostridioforme	
2043087	2043236	6567937	6567788	150	150	99.33	7157610	7157610	0.00	0.00	Clostridioforme	Clostridioforme	
2043230	2043348	6222297	6222179	119	119	100.00	7157610	7157610	0.00	0.00	Clostridioforme	Clostridioforme	
2043230	2044138	6445932	6445024	909	909	99.01	7157610	7157610	0.01	0.01	Clostridioforme	Clostridioforme	
2043230	2044145	6528963	6528048	916	916	98.58	7157610	7157610	0.01	0.01	Clostridioforme	Clostridioforme	
2076994	2077524	6557025	6556496	531	530	90.96	7157610	7157610	0.01	0.01	Clostridioforme	Clostridioforme	
2077809	2078510	6556496	6555795	702	702	92.88	7157610	7157610	0.01	0.01	Clostridioforme	Clostridioforme	
2078513	2079914	6531032	6529632	1402	1401	88.04	7157610	7157610	0.02	0.02	Clostridioforme	Clostridioforme	
2105563	2106117	5422920	5422362	555	559	95.53	7157610	7157610	0.01	0.01	Clostridioforme	Clostridioforme	
2107444	2109984	3997268	3994728	2541	2541	100.00	7157610	7157610	0.04	0.04	Clostridioforme	Clostridioforme	
2107475	2109984	1580322	1577855	2510	2468	97.73	7157610	7157610	0.04	0.03	Clostridioforme	Clostridioforme	
2113706	2115552	2287958	2286112	1847	1847	100.00	7157610	7157610	0.03	0.03	Clostridioforme	Clostridioforme	
2124389	2136668	1947773	1935494	12280	12280	99.98	7157610	7157610	0.17	0.17	Clostridioforme	Clostridioforme	
2139487	2142312	1931168	1928343	2826	2826	99.79	7157610	7157610	0.04	0.04	Clostridioforme	Clostridioforme	
2146079	2148688	1925227	1922618	2610	2610	99.81	7157610	7157610	0.04	0.04	Clostridioforme	Clostridioforme	
2162932	2166120	6117137	6113949	3189	3189	98.78	7157610	7157610	0.04	0.04	Clostridioforme	Clostridioforme	
2162779	2165748	6456059	6453090	2970	2970	97.78	7157610	7157610	0.04	0.04	Clostridioforme	Clostridioforme	
2162874	2165732	85687	82829	2859	2859	98.39	7157610	7157610	0.04	0.04	Clostridioforme	Clostridioforme	
2163019	2165710	575090	572399	2692	2692	99.89	7157610	7157610	0.04	0.04	Clostridioforme	Clostridioforme	
2163019	2165724	6249495	6246789	2706	2707	99.82	7157610	7157610	0.04	0.04	Clostridioforme	Clostridioforme	
2174133	2177542	6104322	6100917	3410	3406	89.03	7157610	7157610	0.05	0.05	Clostridioforme	Clostridioforme	
2178010	2180091	6100448	6098364	2082	2085	90.07	7157610	7157610	0.03	0.03	Clostridioforme	Clostridioforme	
2181007	2181958	6096651	6095700	952	952	92.77	7157610	7157610	0.01	0.01	Clostridioforme	Clostridioforme	
2182132	2183834	6095701	6093997	1703	1705	95.01	7157610	7157610	0.02	0.02	Clostridioforme	Clostridioforme	
2224641	2224889	6558913	6558665	249	249	87.15	7157610	7157610	0.00	0.00	Clostridioforme	Clostridioforme	
2286111	2287957	1880457	1878611	1847	1847	99.95	7157610	7157610	0.03	0.03	Clostridioforme	Clostridioforme	
2286111	2287955	2986129	2984285	1845	1845	99.95	7157610	7157610	0.03	0.03	Clostridioforme	Clostridioforme	
2286112	2287958	2115552	2113706	1847	1847	100.00	7157610	7157610	0.03	0.03	Clostridioforme	Clostridioforme	
2305783	2308366	3957272	3954689	2584	2584	100.00	7157610	7157610	0.04	0.04	Clostridioforme	Clostridioforme	
2310956	2312331	3477466	3476091	1376	1376	99.78	7157610	7157610	0.02	0.02	Clostridioforme	Clostridioforme	
2310955	2312332	5800995	5799618	1378	1378	98.40	7157610	7157610	0.02	0.02	Clostridioforme	Clostridioforme	
2310956	2311479	6603735	6603213	524	523	99.05	7157610	7157610	0.01	0.01	Clostridioforme	Clostridioforme	
2310956	2312330	5853786	5852412	1375	1375	98.91	7157610	7157610	0.02	0.02	Clostridioforme	Clostridioforme	
2310956	2312331	3888496	3887121	1376	1376	99.35	7157610	7157610	0.02	0.02	Clostridioforme	Clostridioforme	
2310956	2311675	3959804	3959085	720	720	98.89	7157610	7157610	0.01	0.01	Clostridioforme	Clostridioforme	
2311828	2312177	2877470	2877121	350	350	97.71	7157610	7157610	0.00	0.00	Clostridioforme	Clostridioforme	
2311963	2312285	1220835	1220513	323	323	97.83	7157610	7157610	0.00	0.00	Clostridioforme	Clostridioforme	
2311806	2312332	3959085	3958559	527	527	99.05	7157610	7157610	0.01	0.01	Clostridioforme	Clostridioforme	
2311686	2312330	6602984	6602340	645	645	98.76	7157610	7157610	0.01	0.01	Clostridioforme	Clostridioforme	
2312081	2312332	5204368	5204117	252	252	99.21	7157610	7157610	0.00	0.00	Clostridioforme	Clostridioforme	
2312081	2312330	7152188	7151939	250	250	99.60	7157610	7157610	0.00	0.00	Clostridioforme	Clostridioforme	
2312107	2312331	6367862	6367638	225	225	98.67	7157610	7157610	0.00	0.00	Clostridioforme	Clostridioforme	
2312167	2312330	7157094	7156931	164	164	100.00	7157610	7157610	0.00	0.00	Clostridioforme	Clostridioforme	
2312204	2312330	7157610	7157484	127	127	98.43	7157610	7157610	0.00	0.00	Clostridioforme	Clostridioforme	
2323959	2324133	7157105	7156931	175	175	99.43	7157610	7157610	0.00	0.00	Clostridioforme	Clostridioforme	
2325259	2326764	7142399	7140893	1506	1507	99.40	7157610	7157610	0.02	0.02	Clostridioforme	Clostridioforme	
2374359	2376861	265424	262926	2503	2499	98.96	7157610	7157610	0.03	0.03	Clostridioforme	Clostridioforme	
2374955	2377209	245250	242993	2255	2258	93.53	7157610	7157610	0.03	0.03	Clostridioforme	Clostridioforme	
2390358	2391094	5167644	5166908	737	737	99.46	7157610	7157610	0.01	0.01	Clostridioforme	Clostridioforme	
2391095	2391254	5166765	5166606	160	160	96.25	7157610	7157610	0.00	0.00	Clostridioforme	Clostridioforme	
2396745	2396811	5166279	5166213	67	67	100.00	7157610	7157610	0.00	0.00	Clostridioforme	Clostridioforme	
2396803	2398699	5163394	5161500	1897	1895	97.00	7157610	7157610	0.03	0.03	Clostridioforme	Clostridioforme	
2398702	2399221	5161112	5160592	520	521	91.57	7157610	7157610	0.01	0.01	Clostridioforme	Clostridioforme	
2399064	2401824	5170415	5167655	2761	2761	98.26	7157610	7157610	0.04	0.04	Clostridioforme	Clostridioforme	
2400717	2408313	5158859	5151265	7597	7595	97.49	7157610	7157610	0.11	0.11	Clostridioforme	Clostridioforme	
2403253	2405609	5147635	5145279	2357	2357	92.12	7157610	7157610	0.03	0.03	Clostridioforme	Clostridioforme	
2424521	2424825	6405768	6405464	305	305	89.18	7157610	7157610	0.00	0.00	Clostridioforme	Clostridioforme	
2486710	2488470	4395394	4393634	1761	1761	99.89	7157610	7157610	0.02	0.02	Clostridioforme	Clostridioforme	
2486711	2488468	2932581	2930824	1758	1758	100.00	7157610	7157610	0.02	0.02	Clostridioforme	Clostridioforme	
2486711	2488470	4599127	4597368	1760	1760	99.77	7157610	7157610	0.02	0.02	Clostridioforme	Clostridioforme	
2486710	2488468	6960099	6958341	1759	1759	99.94	7157610	7157610	0.02	0.02	Clostridioforme	Clostridioforme	
2507589	2507910	5416953	5416632	322	322	98.45	7157610	7157610	0.00	0.00	Clostridioforme	Clostridioforme	
2507904	2508520	5416236	5415621	617	616	97.90	7157610	7157610	0.01	0.01	Clostridioforme	Clostridioforme	
2545311	2545514	3667303	3667100	204	204	97.55	7157610	7157610	0.00	0.00	Clostridioforme	Clostridioforme	
2546086	2548189	5633770	5631667	2104	2104	99.90	7157610	7157610	0.03	0.03	Clostridioforme	Clostridioforme	
2546087	2548187	3042001	3039900	2101	2102	99.90	7157610	7157610	0.03	0.03	Clostridioforme	Clostridioforme	
2546086	2548188	4034307	4032205	2103	2103	99.90	7157610	7157610	0.03	0.03	Clostridioforme	Clostridioforme	
2679821	2681423	7142495	7140893	1603	1603	99.44	7157610	7157610	0.02	0.02	Clostridioforme	Clostridioforme	
2719586	2720604	7139064	7138045	1019	1020	99.71	7157610	7157610	0.01	0.01	Clostridioforme	Clostridioforme	
2720602	2720906	7125990	7125686	305	305	98.36	7157610	7157610	0.00	0.00	Clostridioforme	Clostridioforme	
2770536	2770898	2848452	2848092	363	361	98.07	7157610	7157610	0.01	0.01	Clostridioforme	Clostridioforme	
2775171	2775893	5173249	5172527	723	723	99.59	7157610	7157610	0.01	0.01	Clostridioforme	Clostridioforme	
2775171	2776412	1391537	1390296	1242	1242	99.60	7157610	7157610	0.02	0.02	Clostridioforme	Clostridioforme	
2777071	2777203	133	1	133	133	97.74	7157610	7157610	0.00	0.00	Clostridioforme	Clostridioforme	
2777076	2777822	1266220	1265474	747	747	98.26	7157610	7157610	0.01	0.01	Clostridioforme	Clostridioforme	
2778071	2778264	215634	215441	194	194	98.97	7157610	7157610	0.00	0.00	Clostridioforme	Clostridioforme	
2778265	2778719	3998095	3997640	455	456	98.90	7157610	7157610	0.01	0.01	Clostridioforme	Clostridioforme	
2778345	2778719	1264609	1264234	375	376	99.47	7157610	7157610	0.01	0.01	Clostridioforme	Clostridioforme	
2778603	2778719	7151942	7151826	117	117	99.15	7157610	7157610	0.00	0.00	Clostridioforme	Clostridioforme	
2778515	2778719	215184	214980	205	205	99.02	7157610	7157610	0.00	0.00	Clostridioforme	Clostridioforme	
2778720	2781303	3725146	3722563	2584	2584	100.00	7157610	7157610	0.04	0.04	Clostridioforme	Clostridioforme	
2781302	2781530	3997645	3997417	229	229	99.13	7157610	7157610	0.00	0.00	Clostridioforme	Clostridioforme	
2781302	2781532	214985	214755	231	231	99.13	7157610	7157610	0.00	0.00	Clostridioforme	Clostridioforme	
2781302	2781528	1264239	1264013	227	227	99.12	7157610	7157610	0.00	0.00	Clostridioforme	Clostridioforme	
2781302	2781532	7151831	7151601	231	231	98.70	7157610	7157610	0.00	0.00	Clostridioforme	Clostridioforme	
2782181	2782447	4271159	4270893	267	267	98.88	7157610	7157610	0.00	0.00	Clostridioforme	Clostridioforme	
2782454	2782648	1250685	1250491	195	195	97.95	7157610	7157610	0.00	0.00	Clostridioforme	Clostridioforme	
2844240	2844405	4273647	4273483	166	165	89.76	7157610	7157610	0.00	0.00	Clostridioforme	Clostridioforme	
2845089	2847475	4264583	4262218	2387	2366	96.12	7157610	7157610	0.03	0.03	Clostridioforme	Clostridioforme	
2845089	2846406	4272477	4271160	1318	1318	99.39	7157610	7157610	0.02	0.02	Clostridioforme	Clostridioforme	
2845571	2846591	4945067	4944050	1021	1018	94.39	7157610	7157610	0.01	0.01	Clostridioforme	Clostridioforme	
2845570	2847475	4280450	4278554	1906	1897	94.68	7157610	7157610	0.03	0.03	Clostridioforme	Clostridioforme	
2845567	2847475	4937553	4935648	1909	1906	94.80	7157610	7157610	0.03	0.03	Clostridioforme	Clostridioforme	
2846399	2846591	4270892	4270697	193	196	96.94	7157610	7157610	0.00	0.00	Clostridioforme	Clostridioforme	
2848092	2848452	2770898	2770536	361	363	98.07	7157610	7157610	0.01	0.01	Clostridioforme	Clostridioforme	
2849497	2849807	6127919	6127610	311	310	83.07	7157610	7157610	0.00	0.00	Clostridioforme	Clostridioforme	
2850772	2850988	6125127	6124908	217	220	90.00	7157610	7157610	0.00	0.00	Clostridioforme	Clostridioforme	
2853660	2856203	4768794	4766251	2544	2544	99.84	7157610	7157610	0.04	0.04	Clostridioforme	Clostridioforme	
2857519	2858618	4280531	4279438	1100	1094	95.55	7157610	7157610	0.02	0.02	Clostridioforme	Clostridioforme	
2857613	2859535	4945055	4943140	1923	1916	94.86	7157610	7157610	0.03	0.03	Clostridioforme	Clostridioforme	
2857600	2858618	4264105	4263102	1019	1004	93.92	7157610	7157610	0.01	0.01	Clostridioforme	Clostridioforme	
2857600	2858430	4271996	4271160	831	837	92.44	7157610	7157610	0.01	0.01	Clostridioforme	Clostridioforme	
2857607	2858618	4937543	4936532	1012	1012	93.59	7157610	7157610	0.01	0.01	Clostridioforme	Clostridioforme	
2858423	2859535	4270892	4269787	1113	1106	94.79	7157610	7157610	0.02	0.02	Clostridioforme	Clostridioforme	
2858624	2859542	4940668	4939749	919	920	94.57	7157610	7157610	0.01	0.01	Clostridioforme	Clostridioforme	
2859541	2859622	3006601	3006520	82	82	100.00	7157610	7157610	0.00	0.00	Clostridioforme	Clostridioforme	
2859680	2861269	6529632	6528043	1590	1590	99.25	7157610	7157610	0.02	0.02	Clostridioforme	Clostridioforme	
2859681	2861257	19002	17426	1577	1577	100.00	7157610	7157610	0.02	0.02	Clostridioforme	Clostridioforme	
2862740	2873036	4938236	4927878	10297	10359	97.93	7157610	7157610	0.14	0.14	Clostridioforme	Clostridioforme	
2862970	2863475	4949113	4948608	506	506	97.23	7157610	7157610	0.01	0.01	Clostridioforme	Clostridioforme	
2863423	2873015	4264108	4254462	9593	9647	97.65	7157610	7157610	0.13	0.13	Clostridioforme	Clostridioforme	
2863427	2864205	4945067	4944289	779	779	93.84	7157610	7157610	0.01	0.01	Clostridioforme	Clostridioforme	
2863433	2867040	4280443	4276806	3608	3638	95.97	7157610	7157610	0.05	0.05	Clostridioforme	Clostridioforme	
2930824	2932581	2488468	2486711	1758	1758	100.00	7157610	7157610	0.02	0.02	Clostridioforme	Clostridioforme	
2930823	2932581	504915	503157	1759	1759	99.89	7157610	7157610	0.02	0.02	Clostridioforme	Clostridioforme	
2945242	2946904	3688971	3687312	1663	1660	99.52	7157610	7157610	0.02	0.02	Clostridioforme	Clostridioforme	
3006518	3006698	5607431	5607251	181	181	98.90	7157610	7157610	0.00	0.00	Clostridioforme	Clostridioforme	
3006518	3006684	5113368	5113203	167	166	93.41	7157610	7157610	0.00	0.00	Clostridioforme	Clostridioforme	
3006520	3006601	2859622	2859541	82	82	100.00	7157610	7157610	0.00	0.00	Clostridioforme	Clostridioforme	
3006521	3006698	5386417	5386240	178	178	98.31	7157610	7157610	0.00	0.00	Clostridioforme	Clostridioforme	
3006846	3007399	5386240	5385687	554	554	98.74	7157610	7157610	0.01	0.01	Clostridioforme	Clostridioforme	
3006846	3007399	5607251	5606698	554	554	99.10	7157610	7157610	0.01	0.01	Clostridioforme	Clostridioforme	
3007669	3008257	5606612	5606024	589	589	98.64	7157610	7157610	0.01	0.01	Clostridioforme	Clostridioforme	
3007669	3008258	5385601	5385012	590	590	98.14	7157610	7157610	0.01	0.01	Clostridioforme	Clostridioforme	
3013671	3013752	5769392	5769311	82	82	91.46	7157610	7157610	0.00	0.00	Clostridioforme	Clostridioforme	
3039900	3042001	2548187	2546087	2102	2101	99.90	7157610	7157610	0.03	0.03	Clostridioforme	Clostridioforme	
3039897	3042000	6047895	6045792	2104	2104	99.81	7157610	7157610	0.03	0.03	Clostridioforme	Clostridioforme	
3058335	3058454	6751228	6751110	120	119	90.00	7157610	7157610	0.00	0.00	Clostridioforme	Clostridioforme	
3210984	3211056	4082743	4082671	73	73	100.00	7157610	7157610	0.00	0.00	Clostridioforme	Clostridioforme	
3249570	3249763	7141086	7140893	194	194	97.94	7157610	7157610	0.00	0.00	Clostridioforme	Clostridioforme	
3289709	3289994	6593135	6592850	286	286	99.30	7157610	7157610	0.00	0.00	Clostridioforme	Clostridioforme	
3293585	3293753	6830753	6830585	169	169	100.00	7157610	7157610	0.00	0.00	Clostridioforme	Clostridioforme	
3293586	3294346	5250546	5249786	761	761	100.00	7157610	7157610	0.01	0.01	Clostridioforme	Clostridioforme	
3294979	3295167	5221769	5221581	189	189	100.00	7157610	7157610	0.00	0.00	Clostridioforme	Clostridioforme	
3294979	3295173	6945736	6945542	195	195	99.49	7157610	7157610	0.00	0.00	Clostridioforme	Clostridioforme	
3294979	3295172	4661717	4661524	194	194	98.97	7157610	7157610	0.00	0.00	Clostridioforme	Clostridioforme	
3354200	3355810	1266219	1264609	1611	1611	98.94	7157610	7157610	0.02	0.02	Clostridioforme	Clostridioforme	
3354200	3356285	4000061	3997976	2086	2086	99.38	7157610	7157610	0.03	0.03	Clostridioforme	Clostridioforme	
3356261	3356715	215208	214754	455	455	98.90	7157610	7157610	0.01	0.01	Clostridioforme	Clostridioforme	
3356285	3356712	3997844	3997417	428	428	98.60	7157610	7157610	0.01	0.01	Clostridioforme	Clostridioforme	
3356373	3356714	7151942	7151601	342	342	98.54	7157610	7157610	0.00	0.00	Clostridioforme	Clostridioforme	
3374400	3374908	4107521	4107013	509	509	98.04	7157610	7157610	0.01	0.01	Clostridioforme	Clostridioforme	
3374551	3374753	886761	886559	203	203	97.04	7157610	7157610	0.00	0.00	Clostridioforme	Clostridioforme	
3374673	3374908	3690838	3690603	236	236	99.58	7157610	7157610	0.00	0.00	Clostridioforme	Clostridioforme	
3374907	3375579	4106596	4105924	673	673	98.22	7157610	7157610	0.01	0.01	Clostridioforme	Clostridioforme	
3374907	3375579	3690186	3689514	673	673	98.66	7157610	7157610	0.01	0.01	Clostridioforme	Clostridioforme	
3375433	3375579	886536	886391	147	146	97.28	7157610	7157610	0.00	0.00	Clostridioforme	Clostridioforme	
3375580	3375846	4271159	4270893	267	267	97.38	7157610	7157610	0.00	0.00	Clostridioforme	Clostridioforme	
3375847	3376463	6367537	6366920	617	618	99.51	7157610	7157610	0.01	0.01	Clostridioforme	Clostridioforme	
3375847	3376463	3977390	3976773	617	618	99.03	7157610	7157610	0.01	0.01	Clostridioforme	Clostridioforme	
3375847	3376464	6034960	6034342	618	619	99.19	7157610	7157610	0.01	0.01	Clostridioforme	Clostridioforme	
3376357	3376464	3940777	3940670	108	108	99.07	7157610	7157610	0.00	0.00	Clostridioforme	Clostridioforme	
3380313	3380589	16270	15993	277	278	98.56	7157610	7157610	0.00	0.00	Clostridioforme	Clostridioforme	
3380313	3380589	2208542	2208264	277	279	98.57	7157610	7157610	0.00	0.00	Clostridioforme	Clostridioforme	
3382536	3382965	1440817	1440388	430	430	99.30	7157610	7157610	0.01	0.01	Clostridioforme	Clostridioforme	
3382536	3382965	3692547	3692118	430	430	99.53	7157610	7157610	0.01	0.01	Clostridioforme	Clostridioforme	
3382534	3382965	4541581	4541150	432	432	99.07	7157610	7157610	0.01	0.01	Clostridioforme	Clostridioforme	
3384095	3386915	260822	258002	2821	2821	100.00	7157610	7157610	0.04	0.04	Clostridioforme	Clostridioforme	
3398517	3403294	5156411	5151628	4778	4784	95.01	7157610	7157610	0.07	0.07	Clostridioforme	Clostridioforme	
3428680	3430437	411461	409703	1758	1759	99.83	7157610	7157610	0.02	0.02	Clostridioforme	Clostridioforme	
3448252	3450606	5147632	5145279	2355	2354	91.94	7157610	7157610	0.03	0.03	Clostridioforme	Clostridioforme	
3449541	3450322	5133581	5132800	782	782	86.59	7157610	7157610	0.01	0.01	Clostridioforme	Clostridioforme	
3459579	3462899	5123315	5119986	3321	3330	82.73	7157610	7157610	0.05	0.05	Clostridioforme	Clostridioforme	
3469607	3471214	4541580	4539898	1608	1683	94.77	7157610	7157610	0.02	0.02	Clostridioforme	Clostridioforme	
3469608	3471194	1440817	1439155	1587	1663	94.83	7157610	7157610	0.02	0.02	Clostridioforme	Clostridioforme	
3469608	3471325	3692547	3690830	1718	1718	99.24	7157610	7157610	0.02	0.02	Clostridioforme	Clostridioforme	
3472929	3474637	4490322	4488614	1709	1709	99.53	7157610	7157610	0.02	0.02	Clostridioforme	Clostridioforme	
3472929	3474641	6597465	6595753	1713	1713	99.36	7157610	7157610	0.02	0.02	Clostridioforme	Clostridioforme	
3476091	3477466	2312331	2310956	1376	1376	99.78	7157610	7157610	0.02	0.02	Clostridioforme	Clostridioforme	
3476245	3477466	6146208	6144987	1222	1222	99.02	7157610	7157610	0.02	0.02	Clostridioforme	Clostridioforme	
3527063	3527252	4646972	4646782	190	191	91.62	7157610	7157610	0.00	0.00	Clostridioforme	Clostridioforme	
3527066	3527138	2732001	2731929	73	73	100.00	7157610	7157610	0.00	0.00	Clostridioforme	Clostridioforme	
3527499	3527686	4840946	4840775	188	172	86.24	7157610	7157610	0.00	0.00	Clostridioforme	Clostridioforme	
3527753	3533256	6677189	6671686	5504	5504	99.80	7157610	7157610	0.08	0.08	Clostridioforme	Clostridioforme	
3531050	3531194	4837518	4837374	145	145	93.79	7157610	7157610	0.00	0.00	Clostridioforme	Clostridioforme	
3531197	3533088	4837222	4835331	1892	1892	99.31	7157610	7157610	0.03	0.03	Clostridioforme	Clostridioforme	
3531198	3533152	4643411	4641460	1955	1952	99.03	7157610	7157610	0.03	0.03	Clostridioforme	Clostridioforme	
3536150	3536227	6677280	6677203	78	78	100.00	7157610	7157610	0.00	0.00	Clostridioforme	Clostridioforme	
3536151	3536227	4089371	4089295	77	77	100.00	7157610	7157610	0.00	0.00	Clostridioforme	Clostridioforme	
3536383	3539637	4840673	4837419	3255	3255	99.88	7157610	7157610	0.05	0.05	Clostridioforme	Clostridioforme	
3539731	3539809	4837301	4837224	79	78	98.73	7157610	7157610	0.00	0.00	Clostridioforme	Clostridioforme	
3539901	3541746	4837222	4835372	1846	1851	98.43	7157610	7157610	0.03	0.03	Clostridioforme	Clostridioforme	
3539902	3541746	4643411	4641565	1845	1847	98.81	7157610	7157610	0.03	0.03	Clostridioforme	Clostridioforme	
3667043	3667437	1266217	1265823	395	395	97.22	7157610	7157610	0.01	0.01	Clostridioforme	Clostridioforme	
3667036	3667437	4000066	3999665	402	402	96.77	7157610	7157610	0.01	0.01	Clostridioforme	Clostridioforme	
3687312	3688971	2946904	2945242	1660	1663	99.52	7157610	7157610	0.02	0.02	Clostridioforme	Clostridioforme	
3689514	3690186	3375579	3374907	673	673	98.66	7157610	7157610	0.01	0.01	Clostridioforme	Clostridioforme	
3690830	3692547	3471325	3469608	1718	1718	99.24	7157610	7157610	0.02	0.02	Clostridioforme	Clostridioforme	
3690830	3691978	885854	884706	1149	1149	99.48	7157610	7157610	0.02	0.02	Clostridioforme	Clostridioforme	
3691979	3692542	884629	884066	564	564	98.58	7157610	7157610	0.01	0.01	Clostridioforme	Clostridioforme	
3702030	3702851	6540777	6539957	822	821	86.74	7157610	7157610	0.01	0.01	Clostridioforme	Clostridioforme	
3703012	3703367	6539957	6539603	356	355	89.08	7157610	7157610	0.00	0.00	Clostridioforme	Clostridioforme	
3703937	3704579	5222573	5221931	643	643	100.00	7157610	7157610	0.01	0.01	Clostridioforme	Clostridioforme	
3704638	3704766	6830574	6830446	129	129	100.00	7157610	7157610	0.00	0.00	Clostridioforme	Clostridioforme	
3704764	3706200	6539602	6538169	1437	1434	91.44	7157610	7157610	0.02	0.02	Clostridioforme	Clostridioforme	
3710347	3712193	5778347	5776501	1847	1847	100.00	7157610	7157610	0.03	0.03	Clostridioforme	Clostridioforme	
3720830	3720956	127	1	127	127	100.00	7157610	7157610	0.00	0.00	Clostridioforme	Clostridioforme	
3720830	3722440	1266219	1264609	1611	1611	99.01	7157610	7157610	0.02	0.02	Clostridioforme	Clostridioforme	
3720830	3722565	4000061	3998326	1736	1736	99.02	7157610	7157610	0.02	0.02	Clostridioforme	Clostridioforme	
3722563	3725146	2781303	2778720	2584	2584	100.00	7157610	7157610	0.04	0.04	Clostridioforme	Clostridioforme	
3725464	3725589	1264609	1264484	126	126	100.00	7157610	7157610	0.00	0.00	Clostridioforme	Clostridioforme	
3725149	3725589	3998330	3997890	441	441	99.77	7157610	7157610	0.01	0.01	Clostridioforme	Clostridioforme	
3732712	3732835	246436	246313	124	124	85.04	7157610	7157610	0.00	0.00	Clostridioforme	Clostridioforme	
3761098	3761969	3773913	3773036	872	878	88.07	7157610	7157610	0.01	0.01	Clostridioforme	Clostridioforme	
3773036	3773913	3761969	3761098	878	872	88.07	7157610	7157610	0.01	0.01	Clostridioforme	Clostridioforme	
3888103	3888496	1948523	1948130	394	394	100.00	7157610	7157610	0.01	0.01	Clostridioforme	Clostridioforme	
3928055	3930745	575089	572399	2691	2691	99.85	7157610	7157610	0.04	0.04	Clostridioforme	Clostridioforme	
3928051	3930747	6117053	6114357	2697	2697	99.81	7157610	7157610	0.04	0.04	Clostridioforme	Clostridioforme	
3928055	3930759	85541	82837	2705	2705	99.74	7157610	7157610	0.04	0.04	Clostridioforme	Clostridioforme	
3928055	3930753	6249494	6246795	2699	2700	99.78	7157610	7157610	0.04	0.04	Clostridioforme	Clostridioforme	
3940773	3942273	5068450	5066952	1501	1499	99.13	7157610	7157610	0.02	0.02	Clostridioforme	Clostridioforme	
3941866	3942062	2305632	2305437	197	196	97.97	7157610	7157610	0.00	0.00	Clostridioforme	Clostridioforme	
3948419	3948606	6601690	6601503	188	188	98.94	7157610	7157610	0.00	0.00	Clostridioforme	Clostridioforme	
3954689	3957272	2308366	2305783	2584	2584	100.00	7157610	7157610	0.04	0.04	Clostridioforme	Clostridioforme	
3954690	3957274	1656020	1653436	2585	2585	100.00	7157610	7157610	0.04	0.04	Clostridioforme	Clostridioforme	
3954690	3957273	5189137	5186554	2584	2584	100.00	7157610	7157610	0.04	0.04	Clostridioforme	Clostridioforme	
3958559	3959085	2312332	2311806	527	527	99.05	7157610	7157610	0.01	0.01	Clostridioforme	Clostridioforme	
3958714	3959085	6146208	6145837	372	372	99.46	7157610	7157610	0.01	0.01	Clostridioforme	Clostridioforme	
3959085	3959811	6145706	6144980	727	727	98.07	7157610	7157610	0.01	0.01	Clostridioforme	Clostridioforme	
3959085	3959804	2311675	2310956	720	720	98.89	7157610	7157610	0.01	0.01	Clostridioforme	Clostridioforme	
3968876	3969297	1247251	1246830	422	422	98.58	7157610	7157610	0.01	0.01	Clostridioforme	Clostridioforme	
3968880	3969503	3972945	3972323	624	623	98.56	7157610	7157610	0.01	0.01	Clostridioforme	Clostridioforme	
3972323	3972945	3969503	3968880	623	624	98.56	7157610	7157610	0.01	0.01	Clostridioforme	Clostridioforme	
3973863	3975619	5662246	5660489	1757	1758	99.83	7157610	7157610	0.02	0.02	Clostridioforme	Clostridioforme	
3973863	3975620	6906142	6904384	1758	1759	99.83	7157610	7157610	0.02	0.02	Clostridioforme	Clostridioforme	
3973863	3975620	411460	409702	1758	1759	99.89	7157610	7157610	0.02	0.02	Clostridioforme	Clostridioforme	
3981332	3983890	6041445	6038887	2559	2559	99.92	7157610	7157610	0.04	0.04	Clostridioforme	Clostridioforme	
3984311	3984442	5698322	5698191	132	132	100.00	7157610	7157610	0.00	0.00	Clostridioforme	Clostridioforme	
3983881	3984443	6468387	6467848	563	540	95.91	7157610	7157610	0.01	0.01	Clostridioforme	Clostridioforme	
3990378	3992025	5074332	5072684	1648	1649	85.47	7157610	7157610	0.02	0.02	Clostridioforme	Clostridioforme	
3994728	3997268	2109984	2107444	2541	2541	100.00	7157610	7157610	0.04	0.04	Clostridioforme	Clostridioforme	
3997417	3997645	2781530	2781302	229	229	99.13	7157610	7157610	0.00	0.00	Clostridioforme	Clostridioforme	
3997964	4000061	3356297	3354200	2098	2098	99.33	7157610	7157610	0.03	0.03	Clostridioforme	Clostridioforme	
3997890	3998330	3725589	3725149	441	441	99.77	7157610	7157610	0.01	0.01	Clostridioforme	Clostridioforme	
3997640	3998095	2778719	2778265	456	455	98.90	7157610	7157610	0.01	0.01	Clostridioforme	Clostridioforme	
3998326	4000061	3722565	3720830	1736	1736	99.02	7157610	7157610	0.02	0.02	Clostridioforme	Clostridioforme	
3999002	4000061	2778074	2777077	1060	998	92.26	7157610	7157610	0.01	0.01	Clostridioforme	Clostridioforme	
4000327	4000680	1253060	1252707	354	354	98.87	7157610	7157610	0.00	0.00	Clostridioforme	Clostridioforme	
4000672	4001145	1252621	1252147	474	475	98.53	7157610	7157610	0.01	0.01	Clostridioforme	Clostridioforme	
4001348	4002824	1252156	1250686	1477	1471	98.31	7157610	7157610	0.02	0.02	Clostridioforme	Clostridioforme	
4002960	4003154	1250685	1250491	195	195	97.44	7157610	7157610	0.00	0.00	Clostridioforme	Clostridioforme	
4032205	4034307	2548188	2546086	2103	2103	99.90	7157610	7157610	0.03	0.03	Clostridioforme	Clostridioforme	
4032206	4034300	6938313	6936219	2095	2095	100.00	7157610	7157610	0.03	0.03	Clostridioforme	Clostridioforme	
4082671	4082743	3211056	3210984	73	73	100.00	7157610	7157610	0.00	0.00	Clostridioforme	Clostridioforme	
4105924	4106596	3375579	3374907	673	673	98.22	7157610	7157610	0.01	0.01	Clostridioforme	Clostridioforme	
4107013	4107521	3374908	3374400	509	509	98.04	7157610	7157610	0.01	0.01	Clostridioforme	Clostridioforme	
4222550	4224400	5778350	5776500	1851	1851	99.95	7157610	7157610	0.03	0.03	Clostridioforme	Clostridioforme	
4254462	4264108	2873015	2863423	9647	9593	97.65	7157610	7157610	0.13	0.13	Clostridioforme	Clostridioforme	
4269787	4270892	2859535	2858423	1106	1113	94.79	7157610	7157610	0.02	0.02	Clostridioforme	Clostridioforme	
4270697	4270892	2846591	2846399	196	193	96.94	7157610	7157610	0.00	0.00	Clostridioforme	Clostridioforme	
4270893	4271159	3375846	3375580	267	267	97.38	7157610	7157610	0.00	0.00	Clostridioforme	Clostridioforme	
4270893	4271159	2782447	2782181	267	267	98.88	7157610	7157610	0.00	0.00	Clostridioforme	Clostridioforme	
4271160	4271996	2858430	2857600	837	831	92.44	7157610	7157610	0.01	0.01	Clostridioforme	Clostridioforme	
4271160	4272477	2846406	2845089	1318	1318	99.39	7157610	7157610	0.02	0.02	Clostridioforme	Clostridioforme	
4271211	4271999	2864205	2863423	789	783	90.85	7157610	7157610	0.01	0.01	Clostridioforme	Clostridioforme	
4273483	4273647	2844405	2844240	165	166	89.76	7157610	7157610	0.00	0.00	Clostridioforme	Clostridioforme	
4276806	4280443	2867040	2863433	3638	3608	95.99	7157610	7157610	0.05	0.05	Clostridioforme	Clostridioforme	
4278554	4280450	2847475	2845570	1897	1906	94.68	7157610	7157610	0.03	0.03	Clostridioforme	Clostridioforme	
4279438	4280531	2858618	2857519	1094	1100	95.55	7157610	7157610	0.02	0.02	Clostridioforme	Clostridioforme	
4292686	4293061	5819292	5818917	376	376	77.63	7157610	7157610	0.01	0.01	Clostridioforme	Clostridioforme	
4296568	4297664	4665812	4664716	1097	1097	98.45	7157610	7157610	0.02	0.02	Clostridioforme	Clostridioforme	
4385049	4385700	6593502	6592850	652	653	99.23	7157610	7157610	0.01	0.01	Clostridioforme	Clostridioforme	
4390041	4390362	4490644	4490323	322	322	98.45	7157610	7157610	0.00	0.00	Clostridioforme	Clostridioforme	
4393634	4395394	2488470	2486710	1761	1761	99.89	7157610	7157610	0.02	0.02	Clostridioforme	Clostridioforme	
4398722	4400567	491105	489260	1846	1846	99.95	7157610	7157610	0.03	0.03	Clostridioforme	Clostridioforme	
4426856	4426982	4655450	4655324	127	127	100.00	7157610	7157610	0.00	0.00	Clostridioforme	Clostridioforme	
4431976	4433825	5778347	5776499	1850	1849	99.95	7157610	7157610	0.03	0.03	Clostridioforme	Clostridioforme	
4464262	4464388	4655313	4655187	127	127	100.00	7157610	7157610	0.00	0.00	Clostridioforme	Clostridioforme	
4488614	4490322	3474637	3472929	1709	1709	99.53	7157610	7157610	0.02	0.02	Clostridioforme	Clostridioforme	
4488614	4490322	507747	506039	1709	1709	99.82	7157610	7157610	0.02	0.02	Clostridioforme	Clostridioforme	
4490323	4490644	4390362	4390041	322	322	98.45	7157610	7157610	0.00	0.00	Clostridioforme	Clostridioforme	
4490412	4490638	4513211	4512985	227	227	93.39	7157610	7157610	0.00	0.00	Clostridioforme	Clostridioforme	
4490639	4490737	4512873	4512775	99	99	98.99	7157610	7157610	0.00	0.00	Clostridioforme	Clostridioforme	
4497814	4498923	4768772	4767663	1110	1110	99.64	7157610	7157610	0.02	0.02	Clostridioforme	Clostridioforme	
4498923	4500196	1611072	1609799	1274	1274	100.00	7157610	7157610	0.02	0.02	Clostridioforme	Clostridioforme	
4505244	4506134	3990086	3989196	891	891	80.52	7157610	7157610	0.01	0.01	Clostridioforme	Clostridioforme	
4509607	4510432	5947243	5946419	826	825	84.38	7157610	7157610	0.01	0.01	Clostridioforme	Clostridioforme	
4512775	4512873	4490737	4490639	99	99	98.99	7157610	7157610	0.00	0.00	Clostridioforme	Clostridioforme	
4516442	4525590	1947765	1938617	9149	9149	100.00	7157610	7157610	0.13	0.13	Clostridioforme	Clostridioforme	
4531944	4533704	7151284	7149524	1761	1761	99.77	7157610	7157610	0.02	0.02	Clostridioforme	Clostridioforme	
4531944	4533704	3975620	3973861	1761	1760	99.72	7157610	7157610	0.02	0.02	Clostridioforme	Clostridioforme	
4531945	4533703	6108372	6106614	1759	1759	99.55	7157610	7157610	0.02	0.02	Clostridioforme	Clostridioforme	
4531944	4533704	1108707	1106947	1761	1761	99.77	7157610	7157610	0.02	0.02	Clostridioforme	Clostridioforme	
4531945	4533703	4395393	4393635	1759	1759	99.77	7157610	7157610	0.02	0.02	Clostridioforme	Clostridioforme	
4539898	4540934	3471214	3470177	1037	1038	99.52	7157610	7157610	0.01	0.01	Clostridioforme	Clostridioforme	
4539898	4541574	885743	884066	1677	1678	99.34	7157610	7157610	0.02	0.02	Clostridioforme	Clostridioforme	
4559202	4561787	1388845	1386260	2586	2586	100.00	7157610	7157610	0.04	0.04	Clostridioforme	Clostridioforme	
4559203	4561792	311635	309047	2590	2589	99.96	7157610	7157610	0.04	0.04	Clostridioforme	Clostridioforme	
4559203	4561786	6078953	6076370	2584	2584	100.00	7157610	7157610	0.04	0.04	Clostridioforme	Clostridioforme	
4567203	4569371	6452790	6450622	2169	2169	99.82	7157610	7157610	0.03	0.03	Clostridioforme	Clostridioforme	
4597368	4599127	2488470	2486711	1760	1760	99.77	7157610	7157610	0.02	0.02	Clostridioforme	Clostridioforme	
4641565	4643411	3541746	3539902	1847	1845	98.81	7157610	7157610	0.03	0.03	Clostridioforme	Clostridioforme	
4646782	4646972	3527252	3527063	191	190	91.62	7157610	7157610	0.00	0.00	Clostridioforme	Clostridioforme	
4647013	4647094	4906445	4906364	82	82	95.12	7157610	7157610	0.00	0.00	Clostridioforme	Clostridioforme	
4655187	4655313	4464388	4464262	127	127	100.00	7157610	7157610	0.00	0.00	Clostridioforme	Clostridioforme	
4655324	4655450	4426982	4426856	127	127	100.00	7157610	7157610	0.00	0.00	Clostridioforme	Clostridioforme	
4664716	4665811	3294680	3293585	1096	1096	98.72	7157610	7157610	0.02	0.02	Clostridioforme	Clostridioforme	
4664716	4665601	3704279	3703394	886	886	98.98	7157610	7157610	0.01	0.01	Clostridioforme	Clostridioforme	
4664716	4665812	4297664	4296568	1097	1097	98.45	7157610	7157610	0.02	0.02	Clostridioforme	Clostridioforme	
4743323	4744596	6112020	6110747	1274	1274	100.00	7157610	7157610	0.02	0.02	Clostridioforme	Clostridioforme	
4743322	4744596	511003	509729	1275	1275	99.92	7157610	7157610	0.02	0.02	Clostridioforme	Clostridioforme	
4753674	4754829	1629258	1628185	1156	1074	86.33	7157610	7157610	0.02	0.02	Clostridioforme	Clostridioforme	
4753674	4754072	2508301	2507904	399	398	90.48	7157610	7157610	0.01	0.01	Clostridioforme	Clostridioforme	
4754146	4754793	1247894	1247248	648	647	94.29	7157610	7157610	0.01	0.01	Clostridioforme	Clostridioforme	
4754476	4754829	2507902	2507553	354	350	95.76	7157610	7157610	0.00	0.00	Clostridioforme	Clostridioforme	
4754829	4755810	5430372	5429391	982	982	99.29	7157610	7157610	0.01	0.01	Clostridioforme	Clostridioforme	
4766248	4768794	267966	265420	2547	2547	99.84	7157610	7157610	0.04	0.04	Clostridioforme	Clostridioforme	
4766249	4767665	4502053	4500637	1417	1417	99.93	7157610	7157610	0.02	0.02	Clostridioforme	Clostridioforme	
4766250	4767549	6105625	6104326	1300	1300	99.92	7157610	7157610	0.02	0.02	Clostridioforme	Clostridioforme	
4766251	4768794	2374241	2371698	2544	2544	99.69	7157610	7157610	0.04	0.04	Clostridioforme	Clostridioforme	
4766251	4768794	2856203	2853660	2544	2544	99.84	7157610	7157610	0.04	0.04	Clostridioforme	Clostridioforme	
4767663	4768772	4498923	4497814	1110	1110	99.64	7157610	7157610	0.02	0.02	Clostridioforme	Clostridioforme	
4772147	4772468	4781130	4780809	322	322	99.07	7157610	7157610	0.00	0.00	Clostridioforme	Clostridioforme	
4772460	4772753	4780534	4780241	294	294	97.28	7157610	7157610	0.00	0.00	Clostridioforme	Clostridioforme	
4780241	4780534	4772753	4772460	294	294	97.28	7157610	7157610	0.00	0.00	Clostridioforme	Clostridioforme	
4780809	4781130	4772468	4772147	322	322	99.07	7157610	7157610	0.00	0.00	Clostridioforme	Clostridioforme	
4808331	4809934	6567793	6566191	1604	1603	98.94	7157610	7157610	0.02	0.02	Clostridioforme	Clostridioforme	
4809855	4810106	1248146	1247895	252	252	99.21	7157610	7157610	0.00	0.00	Clostridioforme	Clostridioforme	
4812680	4813753	1863871	1862798	1074	1074	82.47	7157610	7157610	0.02	0.02	Clostridioforme	Clostridioforme	
4814757	4815479	5173249	5172527	723	723	99.17	7157610	7157610	0.01	0.01	Clostridioforme	Clostridioforme	
4814757	4816154	1391537	1390140	1398	1398	99.36	7157610	7157610	0.02	0.02	Clostridioforme	Clostridioforme	
4835372	4837222	3541746	3539901	1851	1846	98.43	7157610	7157610	0.03	0.03	Clostridioforme	Clostridioforme	
4837224	4837301	3539809	3539731	78	79	98.73	7157610	7157610	0.00	0.00	Clostridioforme	Clostridioforme	
4837419	4840673	3539637	3536383	3255	3255	99.88	7157610	7157610	0.05	0.05	Clostridioforme	Clostridioforme	
4840775	4840946	3527686	3527499	172	188	86.24	7157610	7157610	0.00	0.00	Clostridioforme	Clostridioforme	
4841063	4842548	1022709	1021224	1486	1486	99.60	7157610	7157610	0.02	0.02	Clostridioforme	Clostridioforme	
4842547	4843051	949475	948971	505	505	99.80	7157610	7157610	0.01	0.01	Clostridioforme	Clostridioforme	
4842547	4843045	4841561	4841063	499	499	99.20	7157610	7157610	0.01	0.01	Clostridioforme	Clostridioforme	
4861596	4863397	2208547	2206745	1802	1803	94.90	7157610	7157610	0.03	0.03	Clostridioforme	Clostridioforme	
4861598	4863397	16273	14474	1800	1800	99.22	7157610	7157610	0.03	0.03	Clostridioforme	Clostridioforme	
4861626	4861752	7157231	7157105	127	127	99.21	7157610	7157610	0.00	0.00	Clostridioforme	Clostridioforme	
4862957	4863397	6448919	6448479	441	441	98.41	7157610	7157610	0.01	0.01	Clostridioforme	Clostridioforme	
4862957	4863397	6109242	6108801	441	442	97.96	7157610	7157610	0.01	0.01	Clostridioforme	Clostridioforme	
4862957	4863397	203132	202692	441	441	97.96	7157610	7157610	0.01	0.01	Clostridioforme	Clostridioforme	
4903597	4903702	1240848	1240743	106	106	94.34	7157610	7157610	0.00	0.00	Clostridioforme	Clostridioforme	
4906364	4906445	4647094	4647013	82	82	95.12	7157610	7157610	0.00	0.00	Clostridioforme	Clostridioforme	
4922752	4923031	5767759	5767480	280	280	98.93	7157610	7157610	0.00	0.00	Clostridioforme	Clostridioforme	
4923338	4923465	268090	267963	128	128	99.22	7157610	7157610	0.00	0.00	Clostridioforme	Clostridioforme	
4926698	4926809	5767430	5767319	112	112	100.00	7157610	7157610	0.00	0.00	Clostridioforme	Clostridioforme	
4926698	4926917	5245221	5245002	220	220	86.94	7157610	7157610	0.00	0.00	Clostridioforme	Clostridioforme	
4927878	4938236	2873036	2862740	10359	10297	97.93	7157610	7157610	0.14	0.14	Clostridioforme	Clostridioforme	
4936532	4937543	2858618	2857607	1012	1012	93.59	7157610	7157610	0.01	0.01	Clostridioforme	Clostridioforme	
4939749	4940668	2859542	2858624	920	919	94.57	7157610	7157610	0.01	0.01	Clostridioforme	Clostridioforme	
4944050	4945067	2846591	2845571	1018	1021	94.39	7157610	7157610	0.01	0.01	Clostridioforme	Clostridioforme	
4943140	4945055	2859535	2857613	1916	1923	94.86	7157610	7157610	0.03	0.03	Clostridioforme	Clostridioforme	
4948608	4949113	2863475	2862970	506	506	97.23	7157610	7157610	0.01	0.01	Clostridioforme	Clostridioforme	
5066952	5068450	3942273	3940773	1499	1501	99.13	7157610	7157610	0.02	0.02	Clostridioforme	Clostridioforme	
5066988	5067125	5992558	5992421	138	138	98.55	7157610	7157610	0.00	0.00	Clostridioforme	Clostridioforme	
5066957	5067722	4983307	4982543	766	765	93.86	7157610	7157610	0.01	0.01	Clostridioforme	Clostridioforme	
5067243	5067489	5992421	5992187	247	235	88.26	7157610	7157610	0.00	0.00	Clostridioforme	Clostridioforme	
5067927	5068449	4982547	4982095	523	453	82.60	7157610	7157610	0.01	0.01	Clostridioforme	Clostridioforme	
5072684	5074332	3992025	3990378	1649	1648	85.47	7157610	7157610	0.02	0.02	Clostridioforme	Clostridioforme	
5077161	5077949	5947209	5946422	789	788	81.01	7157610	7157610	0.01	0.01	Clostridioforme	Clostridioforme	
5080071	5080309	3985953	3985715	239	239	87.08	7157610	7157610	0.00	0.00	Clostridioforme	Clostridioforme	
5119986	5123315	3462899	3459579	3330	3321	82.73	7157610	7157610	0.05	0.05	Clostridioforme	Clostridioforme	
5119881	5123315	2418000	2414582	3435	3419	82.71	7157610	7157610	0.05	0.05	Clostridioforme	Clostridioforme	
5123953	5124963	3459001	3458005	1011	997	82.33	7157610	7157610	0.01	0.01	Clostridioforme	Clostridioforme	
5123953	5124963	2414004	2413008	1011	997	82.33	7157610	7157610	0.01	0.01	Clostridioforme	Clostridioforme	
5125768	5127587	2412178	2410358	1820	1821	81.29	7157610	7157610	0.03	0.03	Clostridioforme	Clostridioforme	
5145279	5147721	3400953	3398516	2443	2438	85.91	7157610	7157610	0.03	0.03	Clostridioforme	Clostridioforme	
5145279	5147632	3450606	3448252	2354	2355	91.94	7157610	7157610	0.03	0.03	Clostridioforme	Clostridioforme	
5145279	5147635	2405609	2403253	2357	2357	92.12	7157610	7157610	0.03	0.03	Clostridioforme	Clostridioforme	
5151265	5158859	2408313	2400717	7595	7597	97.49	7157610	7157610	0.11	0.11	Clostridioforme	Clostridioforme	
5151265	5156411	3453310	3448164	5147	5147	91.94	7157610	7157610	0.07	0.07	Clostridioforme	Clostridioforme	
5151628	5156411	3403294	3398517	4784	4778	95.01	7157610	7157610	0.07	0.07	Clostridioforme	Clostridioforme	
5160592	5161112	2399221	2398702	521	520	91.57	7157610	7157610	0.01	0.01	Clostridioforme	Clostridioforme	
5161516	5162084	2384557	2383989	569	569	88.77	7157610	7157610	0.01	0.01	Clostridioforme	Clostridioforme	
5161516	5162084	3389336	3388768	569	569	89.12	7157610	7157610	0.01	0.01	Clostridioforme	Clostridioforme	
5161500	5163394	2398699	2396803	1895	1897	97.00	7157610	7157610	0.03	0.03	Clostridioforme	Clostridioforme	
5163394	5166213	2380724	2377905	2820	2820	100.00	7157610	7157610	0.04	0.04	Clostridioforme	Clostridioforme	
5163394	5166213	3386916	3384097	2820	2820	100.00	7157610	7157610	0.04	0.04	Clostridioforme	Clostridioforme	
5166213	5166279	2396811	2396745	67	67	100.00	7157610	7157610	0.00	0.00	Clostridioforme	Clostridioforme	
5166606	5166765	2391254	2391095	160	160	96.25	7157610	7157610	0.00	0.00	Clostridioforme	Clostridioforme	
5166908	5167644	2391094	2390358	737	737	99.46	7157610	7157610	0.01	0.01	Clostridioforme	Clostridioforme	
5167655	5170415	2401824	2399064	2761	2761	98.26	7157610	7157610	0.04	0.04	Clostridioforme	Clostridioforme	
5172527	5173249	4815479	4814757	723	723	99.17	7157610	7157610	0.01	0.01	Clostridioforme	Clostridioforme	
5172527	5173250	314061	313336	724	726	99.04	7157610	7157610	0.01	0.01	Clostridioforme	Clostridioforme	
5172527	5172895	1393127	1392759	369	369	99.46	7157610	7157610	0.01	0.01	Clostridioforme	Clostridioforme	
5172527	5173249	2775893	2775171	723	723	99.59	7157610	7157610	0.01	0.01	Clostridioforme	Clostridioforme	
5204379	5204609	5714918	5714688	231	231	100.00	7157610	7157610	0.00	0.00	Clostridioforme	Clostridioforme	
5204379	5204609	1887520	1887290	231	231	99.57	7157610	7157610	0.00	0.00	Clostridioforme	Clostridioforme	
5221931	5222573	3704579	3703937	643	643	100.00	7157610	7157610	0.01	0.01	Clostridioforme	Clostridioforme	
5221931	5222573	3294980	3294338	643	643	99.84	7157610	7157610	0.01	0.01	Clostridioforme	Clostridioforme	
5221931	5222573	4297923	4297322	643	602	93.31	7157610	7157610	0.01	0.01	Clostridioforme	Clostridioforme	
5229156	5231758	1925227	1922625	2603	2603	99.81	7157610	7157610	0.04	0.04	Clostridioforme	Clostridioforme	
5245002	5245221	4926917	4926698	220	220	86.94	7157610	7157610	0.00	0.00	Clostridioforme	Clostridioforme	
5249786	5250546	3294346	3293586	761	761	100.00	7157610	7157610	0.01	0.01	Clostridioforme	Clostridioforme	
5249786	5250337	3703945	3703394	552	552	100.00	7157610	7157610	0.01	0.01	Clostridioforme	Clostridioforme	
5249786	5250546	4297330	4296570	761	761	99.08	7157610	7157610	0.01	0.01	Clostridioforme	Clostridioforme	
5385013	5385601	6372025	6371437	589	589	97.62	7157610	7157610	0.01	0.01	Clostridioforme	Clostridioforme	
5415618	5416953	1629480	1628225	1336	1256	92.68	7157610	7157610	0.02	0.02	Clostridioforme	Clostridioforme	
5415621	5416236	2508520	2507904	616	617	97.90	7157610	7157610	0.01	0.01	Clostridioforme	Clostridioforme	
5416310	5416953	1247894	1247252	644	643	99.07	7157610	7157610	0.01	0.01	Clostridioforme	Clostridioforme	
5416632	5416953	2507910	2507589	322	322	98.45	7157610	7157610	0.00	0.00	Clostridioforme	Clostridioforme	
5422362	5422920	2106117	2105563	559	555	95.53	7157610	7157610	0.01	0.01	Clostridioforme	Clostridioforme	
5422920	5424705	6730248	6728428	1786	1821	89.70	7157610	7157610	0.02	0.03	Clostridioforme	Clostridioforme	
5427132	5427848	6726381	6725665	717	717	91.49	7157610	7157610	0.01	0.01	Clostridioforme	Clostridioforme	
5429391	5430372	4755810	4754829	982	982	99.29	7157610	7157610	0.01	0.01	Clostridioforme	Clostridioforme	
5453168	5457302	175982	171848	4135	4135	99.98	7157610	7157610	0.06	0.06	Clostridioforme	Clostridioforme	
5606024	5606612	3008257	3007669	589	589	98.64	7157610	7157610	0.01	0.01	Clostridioforme	Clostridioforme	
5606024	5606612	6372025	6371437	589	589	97.79	7157610	7157610	0.01	0.01	Clostridioforme	Clostridioforme	
5606698	5607251	6371167	6370614	554	554	98.74	7157610	7157610	0.01	0.01	Clostridioforme	Clostridioforme	
5606698	5607251	3007399	3006846	554	554	99.10	7157610	7157610	0.01	0.01	Clostridioforme	Clostridioforme	
5631667	5633770	2548189	2546086	2104	2104	99.90	7157610	7157610	0.03	0.03	Clostridioforme	Clostridioforme	
5660488	5662246	6960099	6958341	1759	1759	99.94	7157610	7157610	0.02	0.02	Clostridioforme	Clostridioforme	
5663000	5667126	175974	171848	4127	4127	99.98	7157610	7157610	0.06	0.06	Clostridioforme	Clostridioforme	
5698190	5698269	6041990	6041911	80	80	100.00	7157610	7157610	0.00	0.00	Clostridioforme	Clostridioforme	
5698191	5698322	3984442	3984311	132	132	100.00	7157610	7157610	0.00	0.00	Clostridioforme	Clostridioforme	
5702089	5702463	6368235	6367861	375	375	98.93	7157610	7157610	0.01	0.01	Clostridioforme	Clostridioforme	
5698626	5702931	6144623	6140320	4306	4304	90.03	7157610	7157610	0.06	0.06	Clostridioforme	Clostridioforme	
5701997	5703184	3977959	3976773	1188	1187	98.32	7157610	7157610	0.02	0.02	Clostridioforme	Clostridioforme	
5701997	5703184	6035529	6034343	1188	1187	98.40	7157610	7157610	0.02	0.02	Clostridioforme	Clostridioforme	
5702463	5703184	6367642	6366920	722	723	99.17	7157610	7157610	0.01	0.01	Clostridioforme	Clostridioforme	
5702929	5703184	6138250	6137995	256	256	99.61	7157610	7157610	0.00	0.00	Clostridioforme	Clostridioforme	
5714688	5714918	5204609	5204379	231	231	100.00	7157610	7157610	0.00	0.00	Clostridioforme	Clostridioforme	
5719349	5719798	6374450	6374002	450	449	98.67	7157610	7157610	0.01	0.01	Clostridioforme	Clostridioforme	
5719350	5721296	7148534	7146523	1947	2012	96.08	7157610	7157610	0.03	0.03	Clostridioforme	Clostridioforme	
5721307	5721583	6134282	6134004	277	279	92.83	7157610	7157610	0.00	0.00	Clostridioforme	Clostridioforme	
5740178	5740951	6749136	6748363	774	774	93.28	7157610	7157610	0.01	0.01	Clostridioforme	Clostridioforme	
5740952	5741439	6748242	6747752	488	491	85.40	7157610	7157610	0.01	0.01	Clostridioforme	Clostridioforme	
5748311	5749584	1611071	1609798	1274	1274	100.00	7157610	7157610	0.02	0.02	Clostridioforme	Clostridioforme	
5767312	5767468	268119	267963	157	157	98.73	7157610	7157610	0.00	0.00	Clostridioforme	Clostridioforme	
5767480	5767759	4923031	4922752	280	280	98.93	7157610	7157610	0.00	0.00	Clostridioforme	Clostridioforme	
5769311	5769392	3013752	3013671	82	82	91.46	7157610	7157610	0.00	0.00	Clostridioforme	Clostridioforme	
5776499	5778347	4433825	4431976	1849	1850	99.95	7157610	7157610	0.03	0.03	Clostridioforme	Clostridioforme	
5776500	5778350	4224400	4222550	1851	1851	99.95	7157610	7157610	0.03	0.03	Clostridioforme	Clostridioforme	
5776501	5778347	3712193	3710347	1847	1847	100.00	7157610	7157610	0.03	0.03	Clostridioforme	Clostridioforme	
5776502	5778347	1880456	1878611	1846	1846	100.00	7157610	7157610	0.03	0.03	Clostridioforme	Clostridioforme	
5776502	5778347	4400566	4398721	1846	1846	100.00	7157610	7157610	0.03	0.03	Clostridioforme	Clostridioforme	
5776502	5778345	2986128	2984285	1844	1844	100.00	7157610	7157610	0.03	0.03	Clostridioforme	Clostridioforme	
5776502	5778349	2115552	2113705	1848	1848	99.95	7157610	7157610	0.03	0.03	Clostridioforme	Clostridioforme	
5799773	5800996	6146208	6144985	1224	1224	98.69	7157610	7157610	0.02	0.02	Clostridioforme	Clostridioforme	
5800444	5800637	2323959	2323766	194	194	100.00	7157610	7157610	0.00	0.00	Clostridioforme	Clostridioforme	
5818917	5819292	4293061	4292686	376	376	77.63	7157610	7157610	0.01	0.01	Clostridioforme	Clostridioforme	
5847078	5848960	6313200	6311318	1883	1883	100.00	7157610	7157610	0.03	0.03	Clostridioforme	Clostridioforme	
5847068	5848960	3652161	3650270	1893	1892	99.84	7157610	7157610	0.03	0.03	Clostridioforme	Clostridioforme	
5847079	5848960	2304287	2302406	1882	1882	100.00	7157610	7157610	0.03	0.03	Clostridioforme	Clostridioforme	
5847079	5848960	2946902	2945021	1882	1882	99.95	7157610	7157610	0.03	0.03	Clostridioforme	Clostridioforme	
5852565	5853786	6146208	6144987	1222	1222	98.77	7157610	7157610	0.02	0.02	Clostridioforme	Clostridioforme	
6034342	6034960	3376464	3375847	619	618	99.19	7157610	7157610	0.01	0.01	Clostridioforme	Clostridioforme	
6038887	6041470	121536	118953	2584	2584	99.65	7157610	7157610	0.04	0.04	Clostridioforme	Clostridioforme	
6038887	6041445	3983890	3981332	2559	2559	99.92	7157610	7157610	0.04	0.04	Clostridioforme	Clostridioforme	
6041444	6041989	6468394	6467849	546	546	100.00	7157610	7157610	0.01	0.01	Clostridioforme	Clostridioforme	
6041911	6041990	5698269	5698190	80	80	100.00	7157610	7157610	0.00	0.00	Clostridioforme	Clostridioforme	
6042644	6043361	6601149	6600432	718	718	98.33	7157610	7157610	0.01	0.01	Clostridioforme	Clostridioforme	
6045792	6047895	3042000	3039897	2104	2104	99.81	7157610	7157610	0.03	0.03	Clostridioforme	Clostridioforme	
6093997	6095701	2183834	2182132	1705	1703	95.01	7157610	7157610	0.02	0.02	Clostridioforme	Clostridioforme	
6095700	6096651	2181958	2181007	952	952	92.77	7157610	7157610	0.01	0.01	Clostridioforme	Clostridioforme	
6098364	6100448	2180091	2178010	2085	2082	90.07	7157610	7157610	0.03	0.03	Clostridioforme	Clostridioforme	
6100917	6104322	2177542	2174133	3406	3410	89.03	7157610	7157610	0.05	0.05	Clostridioforme	Clostridioforme	
6106614	6108374	2488469	2486709	1761	1761	99.55	7157610	7157610	0.02	0.02	Clostridioforme	Clostridioforme	
6106615	6108374	5662246	5660487	1760	1760	99.66	7157610	7157610	0.02	0.02	Clostridioforme	Clostridioforme	
6110747	6112020	4744596	4743323	1274	1274	100.00	7157610	7157610	0.02	0.02	Clostridioforme	Clostridioforme	
6113949	6117137	2166120	2162932	3189	3189	98.78	7157610	7157610	0.04	0.04	Clostridioforme	Clostridioforme	
6116923	6117057	1921818	1921684	135	135	100.00	7157610	7157610	0.00	0.00	Clostridioforme	Clostridioforme	
6124908	6125127	2850988	2850772	220	217	90.00	7157610	7157610	0.00	0.00	Clostridioforme	Clostridioforme	
6127610	6127919	2849807	2849497	310	311	83.12	7157610	7157610	0.00	0.00	Clostridioforme	Clostridioforme	
6127919	6129193	6369508	6368234	1275	1275	100.00	7157610	7157610	0.02	0.02	Clostridioforme	Clostridioforme	
6127920	6129193	5749583	5748310	1274	1274	100.00	7157610	7157610	0.02	0.02	Clostridioforme	Clostridioforme	
6129565	6130845	511004	509724	1281	1281	99.84	7157610	7157610	0.02	0.02	Clostridioforme	Clostridioforme	
6129567	6130841	1590506	1589232	1275	1275	100.00	7157610	7157610	0.02	0.02	Clostridioforme	Clostridioforme	
6133737	6133913	1286710	1286534	177	177	98.87	7157610	7157610	0.00	0.00	Clostridioforme	Clostridioforme	
6133743	6134292	4666392	4665842	550	551	91.65	7157610	7157610	0.01	0.01	Clostridioforme	Clostridioforme	
6134074	6134167	1286532	1286439	94	94	98.94	7157610	7157610	0.00	0.00	Clostridioforme	Clostridioforme	
6134004	6134282	5721583	5721307	279	277	92.83	7157610	7157610	0.00	0.00	Clostridioforme	Clostridioforme	
6137995	6138250	5703184	5702929	256	256	99.61	7157610	7157610	0.00	0.00	Clostridioforme	Clostridioforme	
6137995	6138250	6472945	6472690	256	256	99.22	7157610	7157610	0.00	0.00	Clostridioforme	Clostridioforme	
6144028	6144628	6370108	6369508	601	601	98.50	7157610	7157610	0.01	0.01	Clostridioforme	Clostridioforme	
6144625	6144987	6368235	6367861	363	375	96.27	7157610	7157610	0.01	0.01	Clostridioforme	Clostridioforme	
6144987	6146208	5853786	5852565	1222	1222	98.77	7157610	7157610	0.02	0.02	Clostridioforme	Clostridioforme	
6144985	6146208	5800996	5799773	1224	1224	98.69	7157610	7157610	0.02	0.02	Clostridioforme	Clostridioforme	
6144980	6145706	3959811	3959085	727	727	98.07	7157610	7157610	0.01	0.01	Clostridioforme	Clostridioforme	
6145571	6145791	6603215	6602995	221	221	100.00	7157610	7157610	0.00	0.00	Clostridioforme	Clostridioforme	
6144987	6146208	3477466	3476245	1222	1222	99.02	7157610	7157610	0.02	0.02	Clostridioforme	Clostridioforme	
6144987	6146208	3888496	3887275	1222	1222	98.77	7157610	7157610	0.02	0.02	Clostridioforme	Clostridioforme	
6145717	6146208	6602984	6602493	492	492	98.98	7157610	7157610	0.01	0.01	Clostridioforme	Clostridioforme	
6145837	6146208	3959085	3958714	372	372	99.46	7157610	7157610	0.01	0.01	Clostridioforme	Clostridioforme	
6145859	6146208	2877470	2877121	350	350	97.43	7157610	7157610	0.00	0.00	Clostridioforme	Clostridioforme	
6311318	6313200	5848960	5847078	1883	1883	100.00	7157610	7157610	0.03	0.03	Clostridioforme	Clostridioforme	
6366920	6367537	3376463	3375847	618	617	99.51	7157610	7157610	0.01	0.01	Clostridioforme	Clostridioforme	
6366920	6367642	6472945	6472224	723	722	98.76	7157610	7157610	0.01	0.01	Clostridioforme	Clostridioforme	
6366920	6367642	5703184	5702463	723	722	99.17	7157610	7157610	0.01	0.01	Clostridioforme	Clostridioforme	
6367861	6368235	6144987	6144625	375	363	96.27	7157610	7157610	0.01	0.01	Clostridioforme	Clostridioforme	
6367861	6368235	5702463	5702089	375	375	98.93	7157610	7157610	0.01	0.01	Clostridioforme	Clostridioforme	
6368234	6369508	6129193	6127919	1275	1275	100.00	7157610	7157610	0.02	0.02	Clostridioforme	Clostridioforme	
6369508	6370108	6144628	6144028	601	601	98.50	7157610	7157610	0.01	0.01	Clostridioforme	Clostridioforme	
6370289	6370466	5607428	5607251	178	178	97.75	7157610	7157610	0.00	0.00	Clostridioforme	Clostridioforme	
6370289	6370466	5386417	5386240	178	178	97.19	7157610	7157610	0.00	0.00	Clostridioforme	Clostridioforme	
6370614	6371167	5607251	5606698	554	554	98.74	7157610	7157610	0.01	0.01	Clostridioforme	Clostridioforme	
6370614	6371167	5386240	5385687	554	554	98.38	7157610	7157610	0.01	0.01	Clostridioforme	Clostridioforme	
6371437	6372025	5385601	5385013	589	589	97.62	7157610	7157610	0.01	0.01	Clostridioforme	Clostridioforme	
6372026	6372268	270562	270320	243	243	99.18	7157610	7157610	0.00	0.00	Clostridioforme	Clostridioforme	
6372442	6374011	270319	268750	1570	1570	99.75	7157610	7157610	0.02	0.02	Clostridioforme	Clostridioforme	
6374002	6374450	5719798	5719349	449	450	98.67	7157610	7157610	0.01	0.01	Clostridioforme	Clostridioforme	
6401283	6401358	555110	555035	76	76	100.00	7157610	7157610	0.00	0.00	Clostridioforme	Clostridioforme	
6405464	6405768	2424825	2424521	305	305	89.18	7157610	7157610	0.00	0.00	Clostridioforme	Clostridioforme	
6445024	6445932	2044138	2043230	909	909	99.01	7157610	7157610	0.01	0.01	Clostridioforme	Clostridioforme	
6450622	6452790	4569371	4567203	2169	2169	99.82	7157610	7157610	0.03	0.03	Clostridioforme	Clostridioforme	
6453090	6456059	2165748	2162779	2970	2970	97.78	7157610	7157610	0.04	0.04	Clostridioforme	Clostridioforme	
6459874	6460122	2043055	2042737	249	319	74.06	7157610	7157610	0.00	0.00	Clostridioforme	Clostridioforme	
6460322	6460455	2042731	2042598	134	134	95.52	7157610	7157610	0.00	0.00	Clostridioforme	Clostridioforme	
6461140	6461262	2042598	2042476	123	123	90.24	7157610	7157610	0.00	0.00	Clostridioforme	Clostridioforme	
6467848	6468387	3984443	3983881	540	563	95.91	7157610	7157610	0.01	0.01	Clostridioforme	Clostridioforme	
6467849	6468394	6041989	6041444	546	546	100.00	7157610	7157610	0.01	0.01	Clostridioforme	Clostridioforme	
6468387	6471848	5702087	5698626	3462	3462	99.97	7157610	7157610	0.05	0.05	Clostridioforme	Clostridioforme	
6468387	6472945	3981331	3976773	4559	4559	99.80	7157610	7157610	0.06	0.06	Clostridioforme	Clostridioforme	
6468393	6472946	6038895	6034342	4554	4554	99.82	7157610	7157610	0.06	0.06	Clostridioforme	Clostridioforme	
6471850	6472224	6368235	6367861	375	375	98.93	7157610	7157610	0.01	0.01	Clostridioforme	Clostridioforme	
6471760	6472692	6141253	6140320	933	934	97.97	7157610	7157610	0.01	0.01	Clostridioforme	Clostridioforme	
6527672	6527801	7034607	7034486	130	122	90.00	7157610	7157610	0.00	0.00	Clostridioforme	Clostridioforme	
6528043	6529632	2861269	2859680	1590	1590	99.25	7157610	7157610	0.02	0.02	Clostridioforme	Clostridioforme	
6529632	6531032	2079914	2078513	1401	1402	88.04	7157610	7157610	0.02	0.02	Clostridioforme	Clostridioforme	
6538169	6539602	3706200	3704764	1434	1437	91.44	7157610	7157610	0.02	0.02	Clostridioforme	Clostridioforme	
6539603	6539958	3703367	3703011	356	357	89.11	7157610	7157610	0.00	0.00	Clostridioforme	Clostridioforme	
6539957	6540777	3702851	3702030	821	822	86.74	7157610	7157610	0.01	0.01	Clostridioforme	Clostridioforme	
6545007	6547117	7136747	7134637	2111	2111	90.53	7157610	7157610	0.03	0.03	Clostridioforme	Clostridioforme	
6555795	6556496	2078510	2077809	702	702	92.88	7157610	7157610	0.01	0.01	Clostridioforme	Clostridioforme	
6556496	6557025	2077524	2076994	530	531	90.96	7157610	7157610	0.01	0.01	Clostridioforme	Clostridioforme	
6558665	6558913	2224889	2224641	249	249	87.15	7157610	7157610	0.00	0.00	Clostridioforme	Clostridioforme	
6566240	6567793	6592493	6590940	1554	1554	99.68	7157610	7157610	0.02	0.02	Clostridioforme	Clostridioforme	
6566191	6567793	4809934	4808331	1603	1604	98.94	7157610	7157610	0.02	0.02	Clostridioforme	Clostridioforme	
6567788	6567937	2043236	2043087	150	150	99.33	7157610	7157610	0.00	0.00	Clostridioforme	Clostridioforme	
6590940	6592493	6567793	6566240	1554	1554	99.68	7157610	7157610	0.02	0.02	Clostridioforme	Clostridioforme	
6592494	6592592	1248021	1247923	99	99	97.98	7157610	7157610	0.00	0.00	Clostridioforme	Clostridioforme	
6592850	6593135	3289994	3289709	286	286	99.30	7157610	7157610	0.00	0.00	Clostridioforme	Clostridioforme	
6592850	6593502	4385700	4385049	653	652	99.23	7157610	7157610	0.01	0.01	Clostridioforme	Clostridioforme	
6595751	6597470	507753	506034	1720	1720	99.59	7157610	7157610	0.02	0.02	Clostridioforme	Clostridioforme	
6595753	6597465	3474641	3472929	1713	1713	99.36	7157610	7157610	0.02	0.02	Clostridioforme	Clostridioforme	
6600432	6601629	1285168	1284053	1198	1116	81.87	7157610	7157610	0.02	0.02	Clostridioforme	Clostridioforme	
6600432	6601695	6043361	6042032	1264	1330	93.53	7157610	7157610	0.02	0.02	Clostridioforme	Clostridioforme	
6600520	6601573	5949813	5948695	1054	1119	92.14	7157610	7157610	0.01	0.02	Clostridioforme	Clostridioforme	
6600604	6600966	5279301	5279002	363	300	79.61	7157610	7157610	0.01	0.00	Clostridioforme	Clostridioforme	
6601046	6601149	3948748	3948646	104	103	97.12	7157610	7157610	0.00	0.00	Clostridioforme	Clostridioforme	
6601503	6601690	3948606	3948419	188	188	98.94	7157610	7157610	0.00	0.00	Clostridioforme	Clostridioforme	
6602995	6603735	6145791	6144987	741	805	90.93	7157610	7157610	0.01	0.01	Clostridioforme	Clostridioforme	
6603213	6603735	2311479	2310956	523	524	99.05	7157610	7157610	0.01	0.01	Clostridioforme	Clostridioforme	
6671686	6677189	3533256	3527753	5504	5504	99.80	7157610	7157610	0.08	0.08	Clostridioforme	Clostridioforme	
6671895	6673745	3541746	3539901	1851	1846	98.38	7157610	7157610	0.03	0.03	Clostridioforme	Clostridioforme	
6674013	6677173	3539544	3536383	3161	3162	99.97	7157610	7157610	0.04	0.04	Clostridioforme	Clostridioforme	
6677203	6677280	3536227	3536150	78	78	100.00	7157610	7157610	0.00	0.00	Clostridioforme	Clostridioforme	
6725665	6726381	5427848	5427132	717	717	91.49	7157610	7157610	0.01	0.01	Clostridioforme	Clostridioforme	
6728428	6730248	5424705	5422920	1821	1786	89.70	7157610	7157610	0.03	0.02	Clostridioforme	Clostridioforme	
6731837	6731925	1764310	1764222	89	89	97.75	7157610	7157610	0.00	0.00	Clostridioforme	Clostridioforme	
6747752	6748242	5741439	5740952	491	488	85.40	7157610	7157610	0.01	0.01	Clostridioforme	Clostridioforme	
6748363	6749136	5740951	5740178	774	774	93.28	7157610	7157610	0.01	0.01	Clostridioforme	Clostridioforme	
6756501	6756952	1248812	1248361	452	452	99.56	7157610	7157610	0.01	0.01	Clostridioforme	Clostridioforme	
6756505	6756963	1762600	1762152	459	449	85.25	7157610	7157610	0.01	0.01	Clostridioforme	Clostridioforme	
6830446	6830574	3704766	3704638	129	129	100.00	7157610	7157610	0.00	0.00	Clostridioforme	Clostridioforme	
6830585	6830753	3293753	3293585	169	169	100.00	7157610	7157610	0.00	0.00	Clostridioforme	Clostridioforme	
6904384	6906144	1395553	1393793	1761	1761	99.83	7157610	7157610	0.02	0.02	Clostridioforme	Clostridioforme	
6904385	6906145	186198	184438	1761	1761	99.72	7157610	7157610	0.02	0.02	Clostridioforme	Clostridioforme	
6958340	6960098	6906143	6904385	1759	1759	99.94	7157610	7157610	0.02	0.02	Clostridioforme	Clostridioforme	
6958341	6960099	5662246	5660488	1759	1759	99.94	7157610	7157610	0.02	0.02	Clostridioforme	Clostridioforme	
6958341	6960098	411460	409703	1758	1758	99.89	7157610	7157610	0.02	0.02	Clostridioforme	Clostridioforme	
6958341	6960098	409690	407933	1758	1758	99.89	7157610	7157610	0.02	0.02	Clostridioforme	Clostridioforme	
6958340	6960098	292749	290991	1759	1759	99.89	7157610	7157610	0.02	0.02	Clostridioforme	Clostridioforme	
6958339	6960099	1020363	1018603	1761	1761	99.83	7157610	7157610	0.02	0.02	Clostridioforme	Clostridioforme	
7034486	7034607	6527801	6527672	122	130	90.00	7157610	7157610	0.00	0.00	Clostridioforme	Clostridioforme	
7125686	7125990	2720906	2720602	305	305	98.36	7157610	7157610	0.00	0.00	Clostridioforme	Clostridioforme	
7134637	7136747	6547117	6545007	2111	2111	90.53	7157610	7157610	0.03	0.03	Clostridioforme	Clostridioforme	
7138045	7139064	2720604	2719586	1020	1019	99.71	7157610	7157610	0.01	0.01	Clostridioforme	Clostridioforme	
7140721	7140892	746214	746043	172	172	98.84	7157610	7157610	0.00	0.00	Clostridioforme	Clostridioforme	
7140893	7141086	3249763	3249570	194	194	97.94	7157610	7157610	0.00	0.00	Clostridioforme	Clostridioforme	
7140893	7142399	2326764	2325259	1507	1506	99.40	7157610	7157610	0.02	0.02	Clostridioforme	Clostridioforme	
7140893	7142495	2681423	2679821	1603	1603	99.44	7157610	7157610	0.02	0.02	Clostridioforme	Clostridioforme	
7140893	7142399	4017275	4015770	1507	1506	99.40	7157610	7157610	0.02	0.02	Clostridioforme	Clostridioforme	
7146523	7148534	5721296	5719350	2012	1947	96.08	7157610	7157610	0.03	0.03	Clostridioforme	Clostridioforme	
7149514	7151289	409702	407926	1776	1777	99.77	7157610	7157610	0.02	0.02	Clostridioforme	Clostridioforme	
7149526	7151284	292748	290990	1759	1759	99.83	7157610	7157610	0.02	0.02	Clostridioforme	Clostridioforme	
7149526	7151284	6906142	6904384	1759	1759	99.89	7157610	7157610	0.02	0.02	Clostridioforme	Clostridioforme	
7149524	7151284	4533704	4531944	1761	1761	99.77	7157610	7157610	0.02	0.02	Clostridioforme	Clostridioforme	
7149526	7151285	168322	166563	1760	1760	99.72	7157610	7157610	0.02	0.02	Clostridioforme	Clostridioforme	
7156931	7157105	2324133	2323959	175	175	99.43	7157610	7157610	0.00	0.00	Clostridioforme	Clostridioforme	
199322	200158	2760193	2759357	837	837	80.40	5128582	7157610	0.02	0.01	Blautia_coccoides	Clostridioforme	
512052	512523	2193042	2192571	472	472	78.86	5128582	7157610	0.01	0.01	Blautia_coccoides	Clostridioforme	
1211706	1212343	4662329	4661695	638	635	86.12	5128582	7157610	0.01	0.01	Blautia_coccoides	Clostridioforme	
1212175	1212343	6945880	6945714	169	167	84.71	5128582	7157610	0.00	0.00	Blautia_coccoides	Clostridioforme	
1212175	1212343	5221913	5221747	169	167	84.12	5128582	7157610	0.00	0.00	Blautia_coccoides	Clostridioforme	
1420160	1420286	292872	292747	127	126	95.28	5128582	7157610	0.00	0.00	Blautia_coccoides	Clostridioforme	
1524929	1525074	6770199	6770054	146	146	91.78	5128582	7157610	0.00	0.00	Blautia_coccoides	Clostridioforme	
1650353	1650982	6465583	6464955	630	629	82.28	5128582	7157610	0.01	0.01	Blautia_coccoides	Clostridioforme	
1651804	1652621	6459407	6458588	818	820	83.07	5128582	7157610	0.02	0.01	Blautia_coccoides	Clostridioforme	
1928708	1929296	4509612	4509023	589	590	97.29	5128582	7157610	0.01	0.01	Blautia_coccoides	Clostridioforme	
1928745	1929420	5422920	5422245	676	676	93.94	5128582	7157610	0.01	0.01	Blautia_coccoides	Clostridioforme	
3484940	3485661	5521703	5520981	722	723	82.83	5128582	7157610	0.01	0.01	Blautia_coccoides	Clostridioforme	
3487948	3488418	5518695	5518225	471	471	82.17	5128582	7157610	0.01	0.01	Blautia_coccoides	Clostridioforme	
3491279	3491877	5505737	5505139	599	599	82.36	5128582	7157610	0.01	0.01	Blautia_coccoides	Clostridioforme	
3616210	3616357	6770305	6770158	148	148	93.29	5128582	7157610	0.00	0.00	Blautia_coccoides	Clostridioforme	
3616357	3616477	6769126	6769006	121	121	95.04	5128582	7157610	0.00	0.00	Blautia_coccoides	Clostridioforme	
3617307	3618318	6769003	6767991	1012	1013	96.35	5128582	7157610	0.02	0.01	Blautia_coccoides	Clostridioforme	
3624051	3626079	6767984	6765954	2029	2031	96.65	5128582	7157610	0.04	0.03	Blautia_coccoides	Clostridioforme	
3626283	3626913	6765953	6765303	631	651	93.87	5128582	7157610	0.01	0.01	Blautia_coccoides	Clostridioforme	
3631302	3631485	6765486	6765303	184	184	96.20	5128582	7157610	0.00	0.00	Blautia_coccoides	Clostridioforme	
3655696	3656327	195748	195117	632	632	85.31	5128582	7157610	0.01	0.01	Blautia_coccoides	Clostridioforme	
3670221	3670796	4509593	4509018	576	576	97.22	5128582	7157610	0.01	0.01	Blautia_coccoides	Clostridioforme	
3670240	3670791	5422920	5422369	552	552	93.84	5128582	7157610	0.01	0.01	Blautia_coccoides	Clostridioforme	
4253425	4253541	4885027	4884910	117	118	92.44	5128582	7157610	0.00	0.00	Blautia_coccoides	Clostridioforme	
4253425	4253552	4884137	4884010	128	128	90.77	5128582	7157610	0.00	0.00	Blautia_coccoides	Clostridioforme	
4676285	4676460	3110584	3110403	176	182	86.96	5128582	7157610	0.00	0.00	Blautia_coccoides	Clostridioforme	
4970386	4970655	3542038	3541803	270	236	78.31	5128582	7157610	0.01	0.00	Blautia_coccoides	Clostridioforme	
5047379	5049037	1178054	1176401	1659	1654	83.85	5128582	7157610	0.03	0.02	Blautia_coccoides	Clostridioforme	
14091	16119	4511483	4509455	2029	2029	99.80	3743035	7157610	0.05	0.03	F_plautii_1	Clostridioforme	
15163	15933	5077931	5077161	771	771	84.22	3743035	7157610	0.02	0.01	F_plautii_1	Clostridioforme	
16118	21368	4508596	4503346	5251	5251	98.95	3743035	7157610	0.14	0.07	F_plautii_1	Clostridioforme	
17645	20210	5076414	5073848	2566	2567	85.08	3743035	7157610	0.07	0.04	F_plautii_1	Clostridioforme	
208169	208472	5077482	5077179	304	304	88.82	3743035	7157610	0.01	0.00	F_plautii_1	Clostridioforme	
209821	212616	5075483	5072684	2796	2800	88.12	3743035	7157610	0.07	0.04	F_plautii_1	Clostridioforme	
212756	218844	2184096	2178010	6089	6087	94.53	3743035	7157610	0.16	0.09	F_plautii_1	Clostridioforme	
219192	219743	2177665	2177114	552	552	81.12	3743035	7157610	0.01	0.01	F_plautii_1	Clostridioforme	
220079	221688	2176099	2174490	1610	1610	95.22	3743035	7157610	0.04	0.02	F_plautii_1	Clostridioforme	
221699	225910	2166336	2162131	4212	4206	92.88	3743035	7157610	0.11	0.06	F_plautii_1	Clostridioforme	
226324	226993	2149335	2148666	670	670	87.31	3743035	7157610	0.02	0.01	F_plautii_1	Clostridioforme	
226993	230776	2146080	2142293	3784	3788	89.75	3743035	7157610	0.10	0.05	F_plautii_1	Clostridioforme	
233312	233568	2139400	2139144	257	257	96.11	3743035	7157610	0.01	0.00	F_plautii_1	Clostridioforme	
234174	235961	2138444	2136656	1788	1789	88.26	3743035	7157610	0.05	0.02	F_plautii_1	Clostridioforme	
236283	236900	2124400	2123787	618	614	87.06	3743035	7157610	0.02	0.01	F_plautii_1	Clostridioforme	
237005	241699	2123670	2118973	4695	4698	86.42	3743035	7157610	0.13	0.07	F_plautii_1	Clostridioforme	
242086	245104	2118568	2115552	3019	3017	87.36	3743035	7157610	0.08	0.04	F_plautii_1	Clostridioforme	
245104	248304	2113714	2110514	3201	3201	90.78	3743035	7157610	0.09	0.04	F_plautii_1	Clostridioforme	
247798	248310	920216	919704	513	513	89.73	3743035	7157610	0.01	0.01	F_plautii_1	Clostridioforme	
251602	252560	2106498	2105539	959	960	94.06	3743035	7157610	0.03	0.01	F_plautii_1	Clostridioforme	
252622	253038	918761	918345	417	417	87.05	3743035	7157610	0.01	0.01	F_plautii_1	Clostridioforme	
253114	253834	2105361	2104641	721	721	91.40	3743035	7157610	0.02	0.01	F_plautii_1	Clostridioforme	
253997	256593	2101855	2099259	2597	2597	88.65	3743035	7157610	0.07	0.04	F_plautii_1	Clostridioforme	
256918	258647	2098927	2097204	1730	1724	85.48	3743035	7157610	0.05	0.02	F_plautii_1	Clostridioforme	
259297	259683	2096544	2096161	387	384	86.05	3743035	7157610	0.01	0.01	F_plautii_1	Clostridioforme	
260711	262657	2081896	2079952	1947	1945	89.46	3743035	7157610	0.05	0.03	F_plautii_1	Clostridioforme	
1194673	1195345	5232415	5231743	673	673	85.61	3743035	7157610	0.02	0.01	F_plautii_1	Clostridioforme	
1196074	1196629	5228415	5227860	556	556	85.64	3743035	7157610	0.01	0.01	F_plautii_1	Clostridioforme	
1209476	1213493	2089049	2085032	4018	4018	86.68	3743035	7157610	0.11	0.06	F_plautii_1	Clostridioforme	
2250323	2253327	5226770	5223764	3005	3007	86.48	3743035	7157610	0.08	0.04	F_plautii_1	Clostridioforme	
3164025	3166791	6455819	6453053	2767	2767	93.79	3743035	7157610	0.07	0.04	F_plautii_1	Clostridioforme	
3164025	3166712	575090	572403	2688	2688	94.24	3743035	7157610	0.07	0.04	F_plautii_1	Clostridioforme	
410525	410772	6108769	6108517	248	253	89.80	3802913	7157610	0.01	0.00	Acutalibacter_muris	Clostridioforme	
739364	739754	5232416	5232029	391	388	87.98	3802913	7157610	0.01	0.01	Acutalibacter_muris	Clostridioforme	
1204875	1205204	5080309	5079979	330	331	93.05	3802913	7157610	0.01	0.00	Acutalibacter_muris	Clostridioforme	
1205264	1205415	5079763	5079610	152	154	91.56	3802913	7157610	0.00	0.00	Acutalibacter_muris	Clostridioforme	
1209183	1213098	5076601	5072684	3916	3918	88.53	3802913	7157610	0.10	0.05	Acutalibacter_muris	Clostridioforme	
1346976	1347792	6094290	6093477	817	814	91.93	3802913	7157610	0.02	0.01	Acutalibacter_muris	Clostridioforme	
2466962	2468698	5235498	5233750	1737	1749	81.44	3802913	7157610	0.05	0.02	Acutalibacter_muris	Clostridioforme	
2466968	2467725	2152436	2151679	758	758	84.21	3802913	7157610	0.02	0.01	Acutalibacter_muris	Clostridioforme	
2467821	2468273	2151548	2151095	453	454	81.96	3802913	7157610	0.01	0.01	Acutalibacter_muris	Clostridioforme	
2368404	2370550	3953537	3951390	2147	2148	91.08	4469084	7157610	0.05	0.03	Clostridium_innocuum	Clostridioforme	
3074357	3074534	3951472	3951295	178	178	97.19	4469084	7157610	0.00	0.00	Clostridium_innocuum	Clostridioforme	
3592961	3597351	5421324	5416940	4391	4385	90.08	4469084	7157610	0.10	0.06	Clostridium_innocuum	Clostridioforme	
3056582	3056667	4949209	4949124	86	86	97.67	3307069	7157610	0.00	0.00	Muribaculum_intestinale	Clostridioforme	
